College Code,College Name,Seat Category,City,branch,closing_rank
E027,"BMS College of Engineering-Basavanagudi, Bengaluru",GM,Bengaluru,AD-Artificial Intelligence & Data Science,4294
E027,"BMS College of Engineering-Basavanagudi, Bengaluru",KKR,Bengaluru,AD-Artificial Intelligence & Data Science,12412
E032,"C.M.R. Institute of Technology-Brookefield, Bengaluru",GM,Bengaluru,AD-Artificial Intelligence & Data Science,51311
E032,"C.M.R. Institute of Technology-Brookefield, Bengaluru",KKR,Bengaluru,AD-Artificial Intelligence & Data Science,52197
E038,"Coorg Institute of Technology-Ponnampet, South Kodagu",GM,South Kodagu,AD-Artificial Intelligence & Data Science,68306
E041,"DON BOSCO Institute of Technology-Kumbalgodu, Bengaluru",GM,Bengaluru,AD-Artificial Intelligence & Data Science,61531
E045,"Dr H N National College Of Engineering-Jayanagar, Bengaluru",GM,Bengaluru,AD-Artificial Intelligence & Data Science,98989
E046,"East Point College of Engineering and Technology- Avalahalli, Bengaluru",GM,Bengaluru,AD-Artificial Intelligence & Data Science,98557
E048,"East West Institute of Technology-BEL Layout, Bengaluru",GM,Bengaluru,AD-Artificial Intelligence & Data Science,84267
E048,"East West Institute of Technology-BEL Layout, Bengaluru",KKR,Bengaluru,AD-Artificial Intelligence & Data Science,59464
E050,"Global Academy of Technology-Rajarajeshwari Nagar, Bengaluru",GM,Bengaluru,AD-Artificial Intelligence & Data Science,77065
E050,"Global Academy of Technology-Rajarajeshwari Nagar, Bengaluru",KKR,Bengaluru,AD-Artificial Intelligence & Data Science,60958
E055,"GSSS Institute of Engineering and Technology for Women- Metagalli, Mysuru",GM,Mysuru,AD-Artificial Intelligence & Data Science,85755
E066,"KLE College of Engineering and Technology-Chikodi Dist., Belagavi",GM,Belagavi,AD-Artificial Intelligence & Data Science,82886
E067,"K.S School of Engineering And Management-Off Kanakapura Road, Bengaluru",GM,Bengaluru,AD-Artificial Intelligence & Data Science,69921
E077,"M.S. Ramaiah Institute of Technology-MSR Nagar, Bengaluru",GM,Bengaluru,AD-Artificial Intelligence & Data Science,3864
E082,"Maharaja Institute of Technology-Thandavapura, Mysuru",GM,Mysuru,AD-Artificial Intelligence & Data Science,91965
E086,"Nitte Meenakshi Institute of Technology-Yelahanka, Bengaluru",GM,Bengaluru,AD-Artificial Intelligence & Data Science,20333
E086,"Nitte Meenakshi Institute of Technology-Yelahanka, Bengaluru",KKR,Bengaluru,AD-Artificial Intelligence & Data Science,36018
E100,"Rajeev Institute of Technology-BM Bypass Road, Hassan",GM,Hassan,AD-Artificial Intelligence & Data Science,76726
E108,"S J C Institute of Technology-BB Road, Chikkaballapur",GM,Chikkaballapur,AD-Artificial Intelligence & Data Science,51282
E109,"S.E.A. College of Engineering and Technology-K R Puram, Bengaluru",GM,Bengaluru,AD-Artificial Intelligence & Data Science,82734
E110,"SSETs S.G. Balekundri Institute of Technology-Shivabasva Nagar, Belagavi",GM,Belagavi,AD-Artificial Intelligence & Data Science,77025
E123,"Shri Madhwa Vadiraja Institute of Technology and Management-Bantakal, Udupi",GM,Udupi,AD-Artificial Intelligence & Data Science,17689
E124,"Shridevi Institute of Engineering and Technology-Sira Road, Tumakuru",GM,Tumakuru,AD-Artificial Intelligence & Data Science,85977
E125,"Siddaganga Institute of Technology-B H Road, Tumakuru",GM,Tumakuru,AD-Artificial Intelligence & Data Science,20614
E125,"Siddaganga Institute of Technology-B H Road, Tumakuru",KKR,Tumakuru,AD-Artificial Intelligence & Data Science,26286
E138,"Srinivas Institute of Technology-Hampankatta, Mangaluru",GM,Mangaluru,AD-Artificial Intelligence & Data Science,92858
E195,"Navkis College of Engineering -Kandali NH75, Hassan",GM,Hassan,AD-Artificial Intelligence & Data Science,61329
E207,"BGS College of Engineering and Technology- Mahalaxmipuram, Bengaluru",GM,Bengaluru,AD-Artificial Intelligence & Data Science,94081
E001,"Acharya Institute of Technology-Soladevanahalli, Bengaluru",GM,Bengaluru,AE-Aeronautical Engineering,59353
E007,"AMC Engineering College-Bannerghatta Rd, Bengaluru",GM,Bengaluru,AE-Aeronautical Engineering,85705
E040,"Dayananda Sagar College of Engineering-Kumaraswamy Layout, Bengaluru",GM,Bengaluru,AE-Aeronautical Engineering,43057
E040,"Dayananda Sagar College of Engineering-Kumaraswamy Layout, Bengaluru",KKR,Bengaluru,AE-Aeronautical Engineering,68274
E050,"Global Academy of Technology-Rajarajeshwari Nagar, Bengaluru",GM,Bengaluru,AE-Aeronautical Engineering,98787
E053,"Gopalan College of Engineering And Management- Whitefield, Bengaluru",GM,Bengaluru,AE-Aeronautical Engineering,57177
E073,"KLS Gogte Institute of Technology-Udyambag, Belagavi",GM,Belagavi,AE-Aeronautical Engineering,74541
E086,"Nitte Meenakshi Institute of Technology-Yelahanka, Bengaluru",GM,Bengaluru,AE-Aeronautical Engineering,69535
E086,"Nitte Meenakshi Institute of Technology-Yelahanka, Bengaluru",KKR,Bengaluru,AE-Aeronautical Engineering,77431
E138,"Srinivas Institute of Technology-Hampankatta, Mangaluru",GM,Mangaluru,AE-Aeronautical Engineering,57651
E211,"East West College of Engineering-Yelahanka, Bengaluru",GM,Bengaluru,AE-Aeronautical Engineering,46217
E006,"Alvas Institute of Engineering and Technology-Moodbidri, Mangaluru",GM,Mangaluru,AG-Agriculture Engineering,97806
E001,"Acharya Institute of Technology-Soladevanahalli, Bengaluru",GM,Bengaluru,AI-Artificial Intelligence & Machine Learning,78979
E001,"Acharya Institute of Technology-Soladevanahalli, Bengaluru",KKR,Bengaluru,AI-Artificial Intelligence & Machine Learning,41746
E006,"Alvas Institute of Engineering and Technology-Moodbidri, Mangaluru",GM,Mangaluru,AI-Artificial Intelligence & Machine Learning,75934
E007,"AMC Engineering College-Bannerghatta Rd, Bengaluru",GM,Bengaluru,AI-Artificial Intelligence & Machine Learning,96420
E012,"Atria Institute of Technology-Hebbal, Bengaluru",GM,Bengaluru,AI-Artificial Intelligence & Machine Learning,98519
E012,"Atria Institute of Technology-Hebbal, Bengaluru",KKR,Bengaluru,AI-Artificial Intelligence & Machine Learning,62080
E014,"Bharatesh Institute of Technology-Shindhollicross, Belagavi",GM,Belagavi,AI-Artificial Intelligence & Machine Learning,100356
E015,"B.N.M. Institute of Technology-Banashankari, Bengaluru",GM,Bengaluru,AI-Artificial Intelligence & Machine Learning,39898
E015,"B.N.M. Institute of Technology-Banashankari, Bengaluru",KKR,Bengaluru,AI-Artificial Intelligence & Machine Learning,51067
E017,"Ballari Institute of Technology And Management-Near Allipura, Ballari",GM,Ballari,AI-Artificial Intelligence & Machine Learning,75751
E019,"Bangalore Institute of Technology-V V Puram, Bengaluru",GM,Bengaluru,AI-Artificial Intelligence & Machine Learning,15770
E019,"Bangalore Institute of Technology-V V Puram, Bengaluru",KKR,Bengaluru,AI-Artificial Intelligence & Machine Learning,23964
E020,"Bangalore Technological Institute-Chikkanayakanahalli Dinne, Bengaluru",GM,Bengaluru,AI-Artificial Intelligence & Machine Learning,41656
E021,"Bapuji Institute of Engineering and Technology-Shamanur Road, Davangere",GM,Davangere,AI-Artificial Intelligence & Machine Learning,97787
E021,"Bapuji Institute of Engineering and Technology-Shamanur Road, Davangere",KKR,Davangere,AI-Artificial Intelligence & Machine Learning,79815
E024,"Basaveshwar Engineering College-Vidya Nagar, Bagalkote",GM,Bagalkote,AI-Artificial Intelligence & Machine Learning,92752
E027,"BMS College of Engineering-Basavanagudi, Bengaluru",GM,Bengaluru,AI-Artificial Intelligence & Machine Learning,4962
E027,"BMS College of Engineering-Basavanagudi, Bengaluru",KKR,Bengaluru,AI-Artificial Intelligence & Machine Learning,10281
E028,"BMS Institute of Technology and Management-Yelahanka, Bengaluru",GM,Bengaluru,AI-Artificial Intelligence & Machine Learning,18563
E028,"BMS Institute of Technology and Management-Yelahanka, Bengaluru",KKR,Bengaluru,AI-Artificial Intelligence & Machine Learning,32944
E030,"Brindavan College of Engineering-Yelahanka, Bengaluru",GM,Bengaluru,AI-Artificial Intelligence & Machine Learning,85061
E032,"C.M.R. Institute of Technology-Brookefield, Bengaluru",GM,Bengaluru,AI-Artificial Intelligence & Machine Learning,46575
E032,"C.M.R. Institute of Technology-Brookefield, Bengaluru",KKR,Bengaluru,AI-Artificial Intelligence & Machine Learning,50273
E033,"Cambridge Institute of Technology-K R Puram, Bengaluru",GM,Bengaluru,AI-Artificial Intelligence & Machine Learning,54955
E033,"Cambridge Institute of Technology-K R Puram, Bengaluru",KKR,Bengaluru,AI-Artificial Intelligence & Machine Learning,56478
E037,"City Engineering College-Doddakalasandra, Bengaluru",GM,Bengaluru,AI-Artificial Intelligence & Machine Learning,100898
E039,"Dayananda Sagar Academy of Technology and Management-Kanakpura Road, Bengaluru",GM,Bengaluru,AI-Artificial Intelligence & Machine Learning,46478
E039,"Dayananda Sagar Academy of Technology and Management-Kanakpura Road, Bengaluru",KKR,Bengaluru,AI-Artificial Intelligence & Machine Learning,37892
E040,"Dayananda Sagar College of Engineering-Kumaraswamy Layout, Bengaluru",GM,Bengaluru,AI-Artificial Intelligence & Machine Learning,6927
E040,"Dayananda Sagar College of Engineering-Kumaraswamy Layout, Bengaluru",KKR,Bengaluru,AI-Artificial Intelligence & Machine Learning,13569
E042,"Dr. Ambedkar Institute of Technology-Malathahalli, Bengaluru",GM,Bengaluru,AI-Artificial Intelligence & Machine Learning,66397
E042,"Dr. Ambedkar Institute of Technology-Malathahalli, Bengaluru",KKR,Bengaluru,AI-Artificial Intelligence & Machine Learning,51238
E048,"East West Institute of Technology-BEL Layout, Bengaluru",GM,Bengaluru,AI-Artificial Intelligence & Machine Learning,86818
E050,"Global Academy of Technology-Rajarajeshwari Nagar, Bengaluru",GM,Bengaluru,AI-Artificial Intelligence & Machine Learning,70074
E050,"Global Academy of Technology-Rajarajeshwari Nagar, Bengaluru",KKR,Bengaluru,AI-Artificial Intelligence & Machine Learning,57298
E051,"GM Institute of Technology-P B Road, Davangere",GM,Davangere,AI-Artificial Intelligence & Machine Learning,82901
E056,"H.K.E.Societys P.D.A. College of Engineering-Aiwan E Shahi area, Kalaburgi",GM,Kalaburgi,AI-Artificial Intelligence & Machine Learning,62287
E056,"H.K.E.Societys P.D.A. College of Engineering-Aiwan E Shahi area, Kalaburgi",KKR,Kalaburgi,AI-Artificial Intelligence & Machine Learning,78802
E059,"Jawaharlal Nehru New College of Engineering JNNCE- Swalanga Road, Shivamogga",GM,Shivamogga,AI-Artificial Intelligence & Machine Learning,86450
E068,"K.S. Institute of Technology-Kanakapura Main Road, Bengaluru",GM,Bengaluru,AI-Artificial Intelligence & Machine Learning,48515
E070,"Kalpataru Institute of Technology-B H Road, Tiptur",GM,Tiptur,AI-Artificial Intelligence & Machine Learning,70996
E077,"M.S. Ramaiah Institute of Technology-MSR Nagar, Bengaluru",GM,Bengaluru,AI-Artificial Intelligence & Machine Learning,3706
E077,"M.S. Ramaiah Institute of Technology-MSR Nagar, Bengaluru",KKR,Bengaluru,AI-Artificial Intelligence & Machine Learning,7073
E080,"Mangalore Institute of Technology and Engineering- Moodbidri, Mangaluru",GM,Mangaluru,AI-Artificial Intelligence & Machine Learning,56518
E086,"Nitte Meenakshi Institute of Technology-Yelahanka, Bengaluru",GM,Bengaluru,AI-Artificial Intelligence & Machine Learning,19117
E086,"Nitte Meenakshi Institute of Technology-Yelahanka, Bengaluru",KKR,Bengaluru,AI-Artificial Intelligence & Machine Learning,30779
E099,"Raja Rajeswari College of Engineering-Kumbalgodu, Bengaluru",GM,Bengaluru,AI-Artificial Intelligence & Machine Learning,55565
E107,"SJB Institute of Technology-Kengeri, Bengaluru",GM,Bengaluru,AI-Artificial Intelligence & Machine Learning,62782
E107,"SJB Institute of Technology-Kengeri, Bengaluru",KKR,Bengaluru,AI-Artificial Intelligence & Machine Learning,96567
E114,"Sambhram Institute of Technology-Jalahalli East, Bengaluru",GM,Bengaluru,AI-Artificial Intelligence & Machine Learning,86055
E117,"SDM College of Engineering and Technology, Tulu Minority- Kalaghatagi, Dharwad",GM,Dharwad,AI-Artificial Intelligence & Machine Learning,62180
E117,"SDM College of Engineering and Technology, Tulu Minority- Kalaghatagi, Dharwad",KKR,Dharwad,AI-Artificial Intelligence & Machine Learning,48195
E121,"Sri Sairam College of Engineering-Anekal, Bengaluru",GM,Bengaluru,AI-Artificial Intelligence & Machine Learning,70703
E126,"Sir M.Visvesvaraya Institute of Technology-Yelahanka, Bengaluru",GM,Bengaluru,AI-Artificial Intelligence & Machine Learning,29055
E126,"Sir M.Visvesvaraya Institute of Technology-Yelahanka, Bengaluru",KKR,Bengaluru,AI-Artificial Intelligence & Machine Learning,40080
E138,"Srinivas Institute of Technology-Hampankatta, Mangaluru",GM,Mangaluru,AI-Artificial Intelligence & Machine Learning,54657
E141,"T. John Institute of Technology-Bannerghatta Road, Bengaluru",GM,Bengaluru,AI-Artificial Intelligence & Machine Learning,74209
E145,"Vemana Institute of Technology-Koramangala, Bengaluru",GM,Bengaluru,AI-Artificial Intelligence & Machine Learning,93201
E156,"Jyothy Institute of Technology-Tathguni, Bengaluru",GM,Bengaluru,AI-Artificial Intelligence & Machine Learning,82308
E165,"Alliance College of Engineering and Design. Alliance University-Anekal, Bengaluru",GM,Bengaluru,AI-Artificial Intelligence & Machine Learning,47387
E165,"Alliance College of Engineering and Design. Alliance University-Anekal, Bengaluru",KKR,Bengaluru,AI-Artificial Intelligence & Machine Learning,69829
E194,"Jain College of Engineering and Technology-Unkal, Hubballi",GM,Hubballi,AI-Artificial Intelligence & Machine Learning,76370
E195,"Navkis College of Engineering -Kandali NH75, Hassan",GM,Hassan,AI-Artificial Intelligence & Machine Learning,45881
E207,"BGS College of Engineering and Technology- Mahalaxmipuram, Bengaluru",GM,Bengaluru,AI-Artificial Intelligence & Machine Learning,83652
E164,"Reva University-Yelahanka, Bengaluru",GM,Bengaluru,AL-Agricultural Engineering,45304
E016,"KLE Technological University Formerly known as BVBCET- Vidyanagar, Hubballi",GM,Hubballi,AR-Automation & Robotics Engineering,92848
E016,"KLE Technological University Formerly known as BVBCET- Vidyanagar, Hubballi",KKR,Hubballi,AR-Automation & Robotics Engineering,47637
E003,"A.C.S. College of Engineering-Kambipura Mysore Road, Bengaluru",GM,Bengaluru,AS-Aerospace Engineering,56033
E027,"BMS College of Engineering-Basavanagudi, Bengaluru",GM,Bengaluru,AS-Aerospace Engineering,16466
E077,"M.S. Ramaiah Institute of Technology-MSR Nagar, Bengaluru",GM,Bengaluru,AS-Aerospace Engineering,18772
E077,"M.S. Ramaiah Institute of Technology-MSR Nagar, Bengaluru",KKR,Bengaluru,AS-Aerospace Engineering,76076
E095,"R V College of Engineering-Mysore Road, Bengaluru",GM,Bengaluru,AS-Aerospace Engineering,4991
E095,"R V College of Engineering-Mysore Road, Bengaluru",KKR,Bengaluru,AS-Aerospace Engineering,23801
E165,"Alliance College of Engineering and Design. Alliance University-Anekal, Bengaluru",GM,Bengaluru,AS-Aerospace Engineering,36027
E040,"Dayananda Sagar College of Engineering-Kumaraswamy Layout, Bengaluru",GM,Bengaluru,AU-Automobile Engineering,42671
E001,"Acharya Institute of Technology-Soladevanahalli, Bengaluru",GM,Bengaluru,BT-Biotechnology,83584
E016,"KLE Technological University Formerly known as BVBCET- Vidyanagar, Hubballi",GM,Hubballi,BT-Biotechnology,95802
E027,"BMS College of Engineering-Basavanagudi, Bengaluru",GM,Bengaluru,BT-Biotechnology,40333
E040,"Dayananda Sagar College of Engineering-Kumaraswamy Layout, Bengaluru",GM,Bengaluru,BT-Biotechnology,75923
E061,JSS Science and Technology University-Mysuru,GM,,BT-Biotechnology,98970
E077,"M.S. Ramaiah Institute of Technology-MSR Nagar, Bengaluru",GM,Bengaluru,BT-Biotechnology,37954
E077,"M.S. Ramaiah Institute of Technology-MSR Nagar, Bengaluru",KKR,Bengaluru,BT-Biotechnology,73147
E095,"R V College of Engineering-Mysore Road, Bengaluru",GM,Bengaluru,BT-Biotechnology,21320
E126,"Sir M.Visvesvaraya Institute of Technology-Yelahanka, Bengaluru",GM,Bengaluru,BT-Biotechnology,44411
E016,"KLE Technological University Formerly known as BVBCET- Vidyanagar, Hubballi",GM,Hubballi,CA-Computer Science & Engineering (Artificial Intelligence),49639
E016,"KLE Technological University Formerly known as BVBCET- Vidyanagar, Hubballi",KKR,Hubballi,CA-Computer Science & Engineering (Artificial Intelligence),33637
E039,"Dayananda Sagar Academy of Technology and Management-Kanakpura Road, Bengaluru",GM,Bengaluru,CA-Computer Science & Engineering (Artificial Intelligence),48711
E039,"Dayananda Sagar Academy of Technology and Management-Kanakpura Road, Bengaluru",KKR,Bengaluru,CA-Computer Science & Engineering (Artificial Intelligence),47322
E065,"KLE Technological University Formerly called as KLE Dr. M.S. Sheshgiri College of Engineering and Technology- Udyambag, Belagavi",GM,Belagavi,CA-Computer Science & Engineering (Artificial Intelligence),95657
E078,"Maharaja Institute of Technology-Belawadi, Mandya",GM,Mandya,CA-Computer Science & Engineering (Artificial Intelligence),99162
E137,"Sri Venkateshwara College of Engineering-KIAL Road, Bengaluru",GM,Bengaluru,CA-Computer Science & Engineering (Artificial Intelligence),79189
E209,"Aditya College of Engineering and Technology-Yelahanka, Bengaluru",GM,Bengaluru,CA-Computer Science & Engineering (Artificial Intelligence),65667
E027,"BMS College of Engineering-Basavanagudi, Bengaluru",GM,Bengaluru,CB-Computer Science & Business Systems,4444
E027,"BMS College of Engineering-Basavanagudi, Bengaluru",KKR,Bengaluru,CB-Computer Science & Business Systems,13813
E028,"BMS Institute of Technology and Management-Yelahanka, Bengaluru",GM,Bengaluru,CB-Computer Science & Business Systems,13630
E028,"BMS Institute of Technology and Management-Yelahanka, Bengaluru",KKR,Bengaluru,CB-Computer Science & Business Systems,27782
E040,"Dayananda Sagar College of Engineering-Kumaraswamy Layout, Bengaluru",GM,Bengaluru,CB-Computer Science & Business Systems,9116
E040,"Dayananda Sagar College of Engineering-Kumaraswamy Layout, Bengaluru",KKR,Bengaluru,CB-Computer Science & Business Systems,19497
E042,"Dr. Ambedkar Institute of Technology-Malathahalli, Bengaluru",GM,Bengaluru,CB-Computer Science & Business Systems,92155
E042,"Dr. Ambedkar Institute of Technology-Malathahalli, Bengaluru",KKR,Bengaluru,CB-Computer Science & Business Systems,75830
E067,"K.S School of Engineering And Management-Off Kanakapura Road, Bengaluru",GM,Bengaluru,CB-Computer Science & Business Systems,74043
E078,"Maharaja Institute of Technology-Belawadi, Mandya",GM,Mandya,CB-Computer Science & Business Systems,82566
E079,"Malnad College of Engineering-Rangoli Halla, Hassan",GM,Hassan,CB-Computer Science & Business Systems,79568
E086,"Nitte Meenakshi Institute of Technology-Yelahanka, Bengaluru",GM,Bengaluru,CB-Computer Science & Business Systems,23215
E086,"Nitte Meenakshi Institute of Technology-Yelahanka, Bengaluru",KKR,Bengaluru,CB-Computer Science & Business Systems,40977
E089,"P.E.S.College of Engineering-PES College Road, Mandya",GM,Mandya,CB-Computer Science & Business Systems,49041
E110,"SSETs S.G. Balekundri Institute of Technology-Shivabasva Nagar, Belagavi",GM,Belagavi,CB-Computer Science & Business Systems,60367
E171,"GITAM Deemed to be University-Dodaballapur taluk, Bengaluru",GM,Bengaluru,CB-Computer Science & Business Systems,53185
E173,"Presidency University-Yelahanka, Bengaluru",GM,Bengaluru,CBD-Computer Science & Technology (Big Data),47473
E173,"Presidency University-Yelahanka, Bengaluru",KKR,Bengaluru,CBD-Computer Science & Technology (Big Data),56217
E001,"Acharya Institute of Technology-Soladevanahalli, Bengaluru",GM,Bengaluru,CD-Computer Science & Engineering (Data Science),74477
E001,"Acharya Institute of Technology-Soladevanahalli, Bengaluru",KKR,Bengaluru,CD-Computer Science & Engineering (Data Science),44419
E004,"Adichunchanagiri Institute Of Technology-Jyothi Nagara, Chikkamagaluru",GM,Chikkamagaluru,CD-Computer Science & Engineering (Data Science),74192
E007,"AMC Engineering College-Bannerghatta Rd, Bengaluru",GM,Bengaluru,CD-Computer Science & Engineering (Data Science),100328
E007,"AMC Engineering College-Bannerghatta Rd, Bengaluru",KKR,Bengaluru,CD-Computer Science & Engineering (Data Science),86862
E012,"Atria Institute of Technology-Hebbal, Bengaluru",GM,Bengaluru,CD-Computer Science & Engineering (Data Science),67494
E019,"Bangalore Institute of Technology-V V Puram, Bengaluru",GM,Bengaluru,CD-Computer Science & Engineering (Data Science),13221
E019,"Bangalore Institute of Technology-V V Puram, Bengaluru",KKR,Bengaluru,CD-Computer Science & Engineering (Data Science),26792
E021,"Bapuji Institute of Engineering and Technology-Shamanur Road, Davangere",GM,Davangere,CD-Computer Science & Engineering (Data Science),81541
E026,"BLDEAs V.P. Dr.P.G.Halakatti College of Engineering and Technology-Ashram Road, Vijayapura",GM,Vijayapura,CD-Computer Science & Engineering (Data Science),75081
E027,"BMS College of Engineering-Basavanagudi, Bengaluru",GM,Bengaluru,CD-Computer Science & Engineering (Data Science),3733
E027,"BMS College of Engineering-Basavanagudi, Bengaluru",KKR,Bengaluru,CD-Computer Science & Engineering (Data Science),7825
E032,"C.M.R. Institute of Technology-Brookefield, Bengaluru",GM,Bengaluru,CD-Computer Science & Engineering (Data Science),29977
E032,"C.M.R. Institute of Technology-Brookefield, Bengaluru",KKR,Bengaluru,CD-Computer Science & Engineering (Data Science),55443
E033,"Cambridge Institute of Technology-K R Puram, Bengaluru",GM,Bengaluru,CD-Computer Science & Engineering (Data Science),56799
E039,"Dayananda Sagar Academy of Technology and Management-Kanakpura Road, Bengaluru",GM,Bengaluru,CD-Computer Science & Engineering (Data Science),50393
E039,"Dayananda Sagar Academy of Technology and Management-Kanakpura Road, Bengaluru",KKR,Bengaluru,CD-Computer Science & Engineering (Data Science),38595
E040,"Dayananda Sagar College of Engineering-Kumaraswamy Layout, Bengaluru",GM,Bengaluru,CD-Computer Science & Engineering (Data Science),6689
E040,"Dayananda Sagar College of Engineering-Kumaraswamy Layout, Bengaluru",KKR,Bengaluru,CD-Computer Science & Engineering (Data Science),14035
E059,"Jawaharlal Nehru New College of Engineering JNNCE- Swalanga Road, Shivamogga",GM,Shivamogga,CD-Computer Science & Engineering (Data Science),79577
E078,"Maharaja Institute of Technology-Belawadi, Mandya",GM,Mandya,CD-Computer Science & Engineering (Data Science),91255
E084,"Nagarjuna College of Engineering And Technology- Devanahalli, Bengaluru",GM,Bengaluru,CD-Computer Science & Engineering (Data Science),69101
E089,"P.E.S.College of Engineering-PES College Road, Mandya",GM,Mandya,CD-Computer Science & Engineering (Data Science),70362
E095,"R V College of Engineering-Mysore Road, Bengaluru",GM,Bengaluru,CD-Computer Science & Engineering (Data Science),593
E095,"R V College of Engineering-Mysore Road, Bengaluru",KKR,Bengaluru,CD-Computer Science & Engineering (Data Science),2122
E104,"RNS Institute of Technology-R R Nagar Post, Bengaluru",GM,Bengaluru,CD-Computer Science & Engineering (Data Science),45051
E104,"RNS Institute of Technology-R R Nagar Post, Bengaluru",KKR,Bengaluru,CD-Computer Science & Engineering (Data Science),45451
E107,"SJB Institute of Technology-Kengeri, Bengaluru",GM,Bengaluru,CD-Computer Science & Engineering (Data Science),58622
E113,"Sai Vidya Institute of Technology-Rajan Kunte, Bengaluru",GM,Bengaluru,CD-Computer Science & Engineering (Data Science),79444
E116,"Sapthagiri NPS University-Hesarghatta Main Road, Bengaluru",GM,Bengaluru,CD-Computer Science & Engineering (Data Science),77605
E126,"Sir M.Visvesvaraya Institute of Technology-Yelahanka, Bengaluru",GM,Bengaluru,CD-Computer Science & Engineering (Data Science),26562
E126,"Sir M.Visvesvaraya Institute of Technology-Yelahanka, Bengaluru",KKR,Bengaluru,CD-Computer Science & Engineering (Data Science),54325
E137,"Sri Venkateshwara College of Engineering-KIAL Road, Bengaluru",GM,Bengaluru,CD-Computer Science & Engineering (Data Science),58994
E148,"Vivekananda College of Engineering and Technology- Puttur, Dakshin Kannada",GM,Dakshin Kannada,CD-Computer Science & Engineering (Data Science),50274
E152,"ATME College of Engineering-Bannur Road, Mysuru",GM,Mysuru,CD-Computer Science & Engineering (Data Science),98996
E171,"GITAM Deemed to be University-Dodaballapur taluk, Bengaluru",GM,Bengaluru,CD-Computer Science & Engineering (Data Science),37486
E187,"CMR University-Bagalur-Chagalatti, Bengaluru",GM,Bengaluru,CD-Computer Science & Engineering (Data Science),33330
E078,"Maharaja Institute of Technology-Belawadi, Mandya",GM,Mandya,CE-Computer Engineering,83748
E012,"Atria Institute of Technology-Hebbal, Bengaluru",GM,Bengaluru,CG-Computer Science & Design,90768
E039,"Dayananda Sagar Academy of Technology and Management-Kanakpura Road, Bengaluru",GM,Bengaluru,CG-Computer Science & Design,86484
E039,"Dayananda Sagar Academy of Technology and Management-Kanakpura Road, Bengaluru",KKR,Bengaluru,CG-Computer Science & Design,58404
E040,"Dayananda Sagar College of Engineering-Kumaraswamy Layout, Bengaluru",GM,Bengaluru,CG-Computer Science & Design,9492
E040,"Dayananda Sagar College of Engineering-Kumaraswamy Layout, Bengaluru",KKR,Bengaluru,CG-Computer Science & Design,22498
E068,"K.S. Institute of Technology-Kanakapura Main Road, Bengaluru",GM,Bengaluru,CG-Computer Science & Design,43850
E099,"Raja Rajeswari College of Engineering-Kumbalgodu, Bengaluru",GM,Bengaluru,CG-Computer Science & Design,77708
E207,"BGS College of Engineering and Technology- Mahalaxmipuram, Bengaluru",GM,Bengaluru,CG-Computer Science & Design,43864
E027,"BMS College of Engineering-Basavanagudi, Bengaluru",GM,Bengaluru,CH-Chemical Engineering,58288
E027,"BMS College of Engineering-Basavanagudi, Bengaluru",KKR,Bengaluru,CH-Chemical Engineering,86120
E077,"M.S. Ramaiah Institute of Technology-MSR Nagar, Bengaluru",GM,Bengaluru,CH-Chemical Engineering,33687
E095,"R V College of Engineering-Mysore Road, Bengaluru",GM,Bengaluru,CH-Chemical Engineering,16403
E095,"R V College of Engineering-Mysore Road, Bengaluru",KKR,Bengaluru,CH-Chemical Engineering,35060
E117,"SDM College of Engineering and Technology, Tulu Minority- Kalaghatagi, Dharwad",GM,Dharwad,CH-Chemical Engineering,65355
E005,"Akash Institute of Engineering and Technology-Devanahalli, Bengaluru Rural",GM,Bengaluru Rural,CI-Computer Science & Engineering (Artificial Intelligence & Machine Learning),65098
E007,"AMC Engineering College-Bannerghatta Rd, Bengaluru",GM,Bengaluru,CI-Computer Science & Engineering (Artificial Intelligence & Machine Learning),92567
E026,"BLDEAs V.P. Dr.P.G.Halakatti College of Engineering and Technology-Ashram Road, Vijayapura",GM,Vijayapura,CI-Computer Science & Engineering (Artificial Intelligence & Machine Learning),101035
E032,"C.M.R. Institute of Technology-Brookefield, Bengaluru",GM,Bengaluru,CI-Computer Science & Engineering (Artificial Intelligence & Machine Learning),24260
E032,"C.M.R. Institute of Technology-Brookefield, Bengaluru",KKR,Bengaluru,CI-Computer Science & Engineering (Artificial Intelligence & Machine Learning),49792
E041,"DON BOSCO Institute of Technology-Kumbalgodu, Bengaluru",GM,Bengaluru,CI-Computer Science & Engineering (Artificial Intelligence & Machine Learning),94009
E046,"East Point College of Engineering and Technology- Avalahalli, Bengaluru",GM,Bengaluru,CI-Computer Science & Engineering (Artificial Intelligence & Machine Learning),47791
E046,"East Point College of Engineering and Technology- Avalahalli, Bengaluru",KKR,Bengaluru,CI-Computer Science & Engineering (Artificial Intelligence & Machine Learning),65871
E048,"East West Institute of Technology-BEL Layout, Bengaluru",GM,Bengaluru,CI-Computer Science & Engineering (Artificial Intelligence & Machine Learning),94434
E050,"Global Academy of Technology-Rajarajeshwari Nagar, Bengaluru",GM,Bengaluru,CI-Computer Science & Engineering (Artificial Intelligence & Machine Learning),87157
E053,"Gopalan College of Engineering And Management- Whitefield, Bengaluru",GM,Bengaluru,CI-Computer Science & Engineering (Artificial Intelligence & Machine Learning),98592
E055,"GSSS Institute of Engineering and Technology for Women- Metagalli, Mysuru",GM,Mysuru,CI-Computer Science & Engineering (Artificial Intelligence & Machine Learning),66182
E060,"JSS Academy of Technical Education-Kengeri Main Road, Bengaluru",GM,Bengaluru,CI-Computer Science & Engineering (Artificial Intelligence & Machine Learning),49402
E060,"JSS Academy of Technical Education-Kengeri Main Road, Bengaluru",KKR,Bengaluru,CI-Computer Science & Engineering (Artificial Intelligence & Machine Learning),48989
E062,"Jain College of Engineering-T.S Nagar, Belagavi",GM,Belagavi,CI-Computer Science & Engineering (Artificial Intelligence & Machine Learning),96379
E064,"Jain College of Engineering and Research-Udyambag, Belagavi",GM,Belagavi,CI-Computer Science & Engineering (Artificial Intelligence & Machine Learning),82205
E073,"KLS Gogte Institute of Technology-Udyambag, Belagavi",GM,Belagavi,CI-Computer Science & Engineering (Artificial Intelligence & Machine Learning),51162
E073,"KLS Gogte Institute of Technology-Udyambag, Belagavi",KKR,Belagavi,CI-Computer Science & Engineering (Artificial Intelligence & Machine Learning),64572
E074,"KLS Vishwanathrao Deshpande Institute of Technology- Dandeli Road, Haliyal",GM,Haliyal,CI-Computer Science & Engineering (Artificial Intelligence & Machine Learning),94782
E077,"M.S. Ramaiah Institute of Technology-MSR Nagar, Bengaluru",GM,Bengaluru,CI-Computer Science & Engineering (Artificial Intelligence & Machine Learning),2175
E077,"M.S. Ramaiah Institute of Technology-MSR Nagar, Bengaluru",KKR,Bengaluru,CI-Computer Science & Engineering (Artificial Intelligence & Machine Learning),7815
E078,"Maharaja Institute of Technology-Belawadi, Mandya",GM,Mandya,CI-Computer Science & Engineering (Artificial Intelligence & Machine Learning),84628
E079,"Malnad College of Engineering-Rangoli Halla, Hassan",GM,Hassan,CI-Computer Science & Engineering (Artificial Intelligence & Machine Learning),54392
E080,"Mangalore Institute of Technology and Engineering- Moodbidri, Mangaluru",GM,Mangaluru,CI-Computer Science & Engineering (Artificial Intelligence & Machine Learning),54572
E082,"Maharaja Institute of Technology-Thandavapura, Mysuru",GM,Mysuru,CI-Computer Science & Engineering (Artificial Intelligence & Machine Learning),77427
E084,"Nagarjuna College of Engineering And Technology- Devanahalli, Bengaluru",GM,Bengaluru,CI-Computer Science & Engineering (Artificial Intelligence & Machine Learning),50620
E085,"The National Institute of Engineering North Campus- Koorgalli, Mysuru",GM,Mysuru,CI-Computer Science & Engineering (Artificial Intelligence & Machine Learning),12789
E085,"The National Institute of Engineering North Campus- Koorgalli, Mysuru",KKR,Mysuru,CI-Computer Science & Engineering (Artificial Intelligence & Machine Learning),23421
E089,"P.E.S.College of Engineering-PES College Road, Mandya",GM,Mandya,CI-Computer Science & Engineering (Artificial Intelligence & Machine Learning),35236
E089,"P.E.S.College of Engineering-PES College Road, Mandya",KKR,Mandya,CI-Computer Science & Engineering (Artificial Intelligence & Machine Learning),72507
E094,"Proudhadevaraya Institute of Technology-TB Dam Road, Hosapete",GM,Hosapete,CI-Computer Science & Engineering (Artificial Intelligence & Machine Learning),82466
E095,"R V College of Engineering-Mysore Road, Bengaluru",GM,Bengaluru,CI-Computer Science & Engineering (Artificial Intelligence & Machine Learning),738
E095,"R V College of Engineering-Mysore Road, Bengaluru",KKR,Bengaluru,CI-Computer Science & Engineering (Artificial Intelligence & Machine Learning),2235
E104,"RNS Institute of Technology-R R Nagar Post, Bengaluru",GM,Bengaluru,CI-Computer Science & Engineering (Artificial Intelligence & Machine Learning),46484
E104,"RNS Institute of Technology-R R Nagar Post, Bengaluru",KKR,Bengaluru,CI-Computer Science & Engineering (Artificial Intelligence & Machine Learning),43912
E108,"S J C Institute of Technology-BB Road, Chikkaballapur",GM,Chikkaballapur,CI-Computer Science & Engineering (Artificial Intelligence & Machine Learning),43921
E112,"Sahyadri College of Engineering and Management-Adyar, Mangaluru",GM,Mangaluru,CI-Computer Science & Engineering (Artificial Intelligence & Machine Learning),82184
E113,"Sai Vidya Institute of Technology-Rajan Kunte, Bengaluru",GM,Bengaluru,CI-Computer Science & Engineering (Artificial Intelligence & Machine Learning),99332
E125,"Siddaganga Institute of Technology-B H Road, Tumakuru",GM,Tumakuru,CI-Computer Science & Engineering (Artificial Intelligence & Machine Learning),14139
E125,"Siddaganga Institute of Technology-B H Road, Tumakuru",KKR,Tumakuru,CI-Computer Science & Engineering (Artificial Intelligence & Machine Learning),20547
E147,"Vidyavardhaka College of Engineering-Gokulam, Mysuru",GM,Mysuru,CI-Computer Science & Engineering (Artificial Intelligence & Machine Learning),97220
E147,"Vidyavardhaka College of Engineering-Gokulam, Mysuru",KKR,Mysuru,CI-Computer Science & Engineering (Artificial Intelligence & Machine Learning),65407
E152,"ATME College of Engineering-Bannur Road, Mysuru",GM,Mysuru,CI-Computer Science & Engineering (Artificial Intelligence & Machine Learning),99599
E068,"K.S. Institute of Technology-Kanakapura Main Road, Bengaluru",GM,Bengaluru,CM-Computer & Communication Engineering,97286
E173,"Presidency University-Yelahanka, Bengaluru",GM,Bengaluru,CNW-Computer Science & Engineering (Networks),69387
E078,"Maharaja Institute of Technology-Belawadi, Mandya",GM,Mandya,CO-Computer Science & Engineering (IOT),99811
E165,"Alliance College of Engineering and Design. Alliance University-Anekal, Bengaluru",GM,Bengaluru,CO-Computer Science & Engineering (IOT),66463
E173,"Presidency University-Yelahanka, Bengaluru",GM,Bengaluru,CO-Computer Science & Engineering (IOT),68715
E173,"Presidency University-Yelahanka, Bengaluru",KKR,Bengaluru,CO-Computer Science & Engineering (IOT),85352
E049,"Garden City University-Old Madras Road, Bengaluru",GM,Bengaluru,COS-Computer Science,78524
E001,"Acharya Institute of Technology-Soladevanahalli, Bengaluru",GM,Bengaluru,CS-Computer Science & Engineering,66375
E001,"Acharya Institute of Technology-Soladevanahalli, Bengaluru",KKR,Bengaluru,CS-Computer Science & Engineering,53948
E003,"A.C.S. College of Engineering-Kambipura Mysore Road, Bengaluru",GM,Bengaluru,CS-Computer Science & Engineering,78464
E004,"Adichunchanagiri Institute Of Technology-Jyothi Nagara, Chikkamagaluru",GM,Chikkamagaluru,CS-Computer Science & Engineering,94331
E006,"Alvas Institute of Engineering and Technology-Moodbidri, Mangaluru",GM,Mangaluru,CS-Computer Science & Engineering,96523
E007,"AMC Engineering College-Bannerghatta Rd, Bengaluru",GM,Bengaluru,CS-Computer Science & Engineering,100868
E007,"AMC Engineering College-Bannerghatta Rd, Bengaluru",KKR,Bengaluru,CS-Computer Science & Engineering,94314
E009,"Angadi Institute of Technology and Management-Savagaon Road, Belagavi",GM,Belagavi,CS-Computer Science & Engineering,86707
E012,"Atria Institute of Technology-Hebbal, Bengaluru",GM,Bengaluru,CS-Computer Science & Engineering,82217
E012,"Atria Institute of Technology-Hebbal, Bengaluru",KKR,Bengaluru,CS-Computer Science & Engineering,96334
E014,"Bharatesh Institute of Technology-Shindhollicross, Belagavi",GM,Belagavi,CS-Computer Science & Engineering,95668
E015,"B.N.M. Institute of Technology-Banashankari, Bengaluru",GM,Bengaluru,CS-Computer Science & Engineering,30741
E015,"B.N.M. Institute of Technology-Banashankari, Bengaluru",KKR,Bengaluru,CS-Computer Science & Engineering,40955
E016,"KLE Technological University Formerly known as BVBCET- Vidyanagar, Hubballi",GM,Hubballi,CS-Computer Science & Engineering,28951
E016,"KLE Technological University Formerly known as BVBCET- Vidyanagar, Hubballi",KKR,Hubballi,CS-Computer Science & Engineering,25837
E017,"Ballari Institute of Technology And Management-Near Allipura, Ballari",GM,Ballari,CS-Computer Science & Engineering,74205
E017,"Ballari Institute of Technology And Management-Near Allipura, Ballari",KKR,Ballari,CS-Computer Science & Engineering,99594
E018,"Bangalore College of Engineering and Technology- Chandapura, Bengaluru",GM,Bengaluru,CS-Computer Science & Engineering,100408
E019,"Bangalore Institute of Technology-V V Puram, Bengaluru",GM,Bengaluru,CS-Computer Science & Engineering,10896
E019,"Bangalore Institute of Technology-V V Puram, Bengaluru",KKR,Bengaluru,CS-Computer Science & Engineering,19966
E020,"Bangalore Technological Institute-Chikkanayakanahalli Dinne, Bengaluru",GM,Bengaluru,CS-Computer Science & Engineering,74759
E021,"Bapuji Institute of Engineering and Technology-Shamanur Road, Davangere",GM,Davangere,CS-Computer Science & Engineering,76181
E021,"Bapuji Institute of Engineering and Technology-Shamanur Road, Davangere",KKR,Davangere,CS-Computer Science & Engineering,88677
E024,"Basaveshwar Engineering College-Vidya Nagar, Bagalkote",GM,Bagalkote,CS-Computer Science & Engineering,97717
E024,"Basaveshwar Engineering College-Vidya Nagar, Bagalkote",KKR,Bagalkote,CS-Computer Science & Engineering,91015
E026,"BLDEAs V.P. Dr.P.G.Halakatti College of Engineering and Technology-Ashram Road, Vijayapura",GM,Vijayapura,CS-Computer Science & Engineering,93560
E027,"BMS College of Engineering-Basavanagudi, Bengaluru",GM,Bengaluru,CS-Computer Science & Engineering,3716
E027,"BMS College of Engineering-Basavanagudi, Bengaluru",KKR,Bengaluru,CS-Computer Science & Engineering,6652
E028,"BMS Institute of Technology and Management-Yelahanka, Bengaluru",GM,Bengaluru,CS-Computer Science & Engineering,12938
E028,"BMS Institute of Technology and Management-Yelahanka, Bengaluru",KKR,Bengaluru,CS-Computer Science & Engineering,26964
E030,"Brindavan College of Engineering-Yelahanka, Bengaluru",GM,Bengaluru,CS-Computer Science & Engineering,91793
E032,"C.M.R. Institute of Technology-Brookefield, Bengaluru",GM,Bengaluru,CS-Computer Science & Engineering,22032
E032,"C.M.R. Institute of Technology-Brookefield, Bengaluru",KKR,Bengaluru,CS-Computer Science & Engineering,38556
E033,"Cambridge Institute of Technology-K R Puram, Bengaluru",GM,Bengaluru,CS-Computer Science & Engineering,81358
E033,"Cambridge Institute of Technology-K R Puram, Bengaluru",KKR,Bengaluru,CS-Computer Science & Engineering,91612
E035,"Channabasaveshwara Institute of Technology- Gubbi, Tumakuru",GM,Tumakuru,CS-Computer Science & Engineering,101925
E037,"City Engineering College-Doddakalasandra, Bengaluru",GM,Bengaluru,CS-Computer Science & Engineering,76223
E039,"Dayananda Sagar Academy of Technology and Management-Kanakpura Road, Bengaluru",GM,Bengaluru,CS-Computer Science & Engineering,47289
E039,"Dayananda Sagar Academy of Technology and Management-Kanakpura Road, Bengaluru",KKR,Bengaluru,CS-Computer Science & Engineering,46617
E040,"Dayananda Sagar College of Engineering-Kumaraswamy Layout, Bengaluru",GM,Bengaluru,CS-Computer Science & Engineering,5873
E040,"Dayananda Sagar College of Engineering-Kumaraswamy Layout, Bengaluru",KKR,Bengaluru,CS-Computer Science & Engineering,11753
E041,"DON BOSCO Institute of Technology-Kumbalgodu, Bengaluru",GM,Bengaluru,CS-Computer Science & Engineering,98982
E041,"DON BOSCO Institute of Technology-Kumbalgodu, Bengaluru",KKR,Bengaluru,CS-Computer Science & Engineering,62015
E042,"Dr. Ambedkar Institute of Technology-Malathahalli, Bengaluru",GM,Bengaluru,CS-Computer Science & Engineering,57489
E042,"Dr. Ambedkar Institute of Technology-Malathahalli, Bengaluru",KKR,Bengaluru,CS-Computer Science & Engineering,49404
E043,"Yenepoya Institute of Technology formerly known as Dr. M V Shetty Institute of Technology-Moodbidri, Mangaluru",GM,Mangaluru,CS-Computer Science & Engineering,80612
E045,"Dr H N National College Of Engineering-Jayanagar, Bengaluru",GM,Bengaluru,CS-Computer Science & Engineering,76881
E046,"East Point College of Engineering and Technology- Avalahalli, Bengaluru",GM,Bengaluru,CS-Computer Science & Engineering,100510
E046,"East Point College of Engineering and Technology- Avalahalli, Bengaluru",KKR,Bengaluru,CS-Computer Science & Engineering,94289
E048,"East West Institute of Technology-BEL Layout, Bengaluru",GM,Bengaluru,CS-Computer Science & Engineering,89319
E048,"East West Institute of Technology-BEL Layout, Bengaluru",KKR,Bengaluru,CS-Computer Science & Engineering,91622
E050,"Global Academy of Technology-Rajarajeshwari Nagar, Bengaluru",GM,Bengaluru,CS-Computer Science & Engineering,98020
E050,"Global Academy of Technology-Rajarajeshwari Nagar, Bengaluru",KKR,Bengaluru,CS-Computer Science & Engineering,86885
E051,"GM Institute of Technology-P B Road, Davangere",GM,Davangere,CS-Computer Science & Engineering,99703
E053,"Gopalan College of Engineering And Management- Whitefield, Bengaluru",GM,Bengaluru,CS-Computer Science & Engineering,75233
E055,"GSSS Institute of Engineering and Technology for Women- Metagalli, Mysuru",GM,Mysuru,CS-Computer Science & Engineering,35762
E055,"GSSS Institute of Engineering and Technology for Women- Metagalli, Mysuru",KKR,Mysuru,CS-Computer Science & Engineering,76492
E056,"H.K.E.Societys P.D.A. College of Engineering-Aiwan E Shahi area, Kalaburgi",GM,Kalaburgi,CS-Computer Science & Engineering,81708
E056,"H.K.E.Societys P.D.A. College of Engineering-Aiwan E Shahi area, Kalaburgi",KKR,Kalaburgi,CS-Computer Science & Engineering,90766
E058,"Sri Jayachamarajendra College of Engineering constituent college of JSS Science and Technology University- Manasagangothri, Mysuru",GM,Mysuru,CS-Computer Science & Engineering,5158
E058,"Sri Jayachamarajendra College of Engineering constituent college of JSS Science and Technology University- Manasagangothri, Mysuru",KKR,Mysuru,CS-Computer Science & Engineering,12883
E059,"Jawaharlal Nehru New College of Engineering JNNCE- Swalanga Road, Shivamogga",GM,Shivamogga,CS-Computer Science & Engineering,66504
E060,"JSS Academy of Technical Education-Kengeri Main Road, Bengaluru",GM,Bengaluru,CS-Computer Science & Engineering,41133
E060,"JSS Academy of Technical Education-Kengeri Main Road, Bengaluru",KKR,Bengaluru,CS-Computer Science & Engineering,49549
E062,"Jain College of Engineering-T.S Nagar, Belagavi",GM,Belagavi,CS-Computer Science & Engineering,99499
E064,"Jain College of Engineering and Research-Udyambag, Belagavi",GM,Belagavi,CS-Computer Science & Engineering,97233
E065,"KLE Technological University Formerly called as KLE Dr. M.S. Sheshgiri College of Engineering and Technology- Udyambag, Belagavi",GM,Belagavi,CS-Computer Science & Engineering,96627
E066,"KLE College of Engineering and Technology-Chikodi Dist., Belagavi",GM,Belagavi,CS-Computer Science & Engineering,87904
E067,"K.S School of Engineering And Management-Off Kanakapura Road, Bengaluru",GM,Bengaluru,CS-Computer Science & Engineering,77304
E068,"K.S. Institute of Technology-Kanakapura Main Road, Bengaluru",GM,Bengaluru,CS-Computer Science & Engineering,90354
E070,"Kalpataru Institute of Technology-B H Road, Tiptur",GM,Tiptur,CS-Computer Science & Engineering,96093
E072,"K L E Institute of Technology-Gokul, Hubbali",GM,Hubbali,CS-Computer Science & Engineering,89979
E072,"K L E Institute of Technology-Gokul, Hubbali",KKR,Hubbali,CS-Computer Science & Engineering,83489
E073,"KLS Gogte Institute of Technology-Udyambag, Belagavi",GM,Belagavi,CS-Computer Science & Engineering,41505
E073,"KLS Gogte Institute of Technology-Udyambag, Belagavi",KKR,Belagavi,CS-Computer Science & Engineering,47299
E074,"KLS Vishwanathrao Deshpande Institute of Technology- Dandeli Road, Haliyal",GM,Haliyal,CS-Computer Science & Engineering,96723
E075,"KNS Institute of Technology-Yelahanka, Bengaluru",GM,Bengaluru,CS-Computer Science & Engineering,68529
E077,"M.S. Ramaiah Institute of Technology-MSR Nagar, Bengaluru",GM,Bengaluru,CS-Computer Science & Engineering,1585
E077,"M.S. Ramaiah Institute of Technology-MSR Nagar, Bengaluru",KKR,Bengaluru,CS-Computer Science & Engineering,3383
E078,"Maharaja Institute of Technology-Belawadi, Mandya",GM,Mandya,CS-Computer Science & Engineering,91204
E079,"Malnad College of Engineering-Rangoli Halla, Hassan",GM,Hassan,CS-Computer Science & Engineering,77630
E080,"Mangalore Institute of Technology and Engineering- Moodbidri, Mangaluru",GM,Mangaluru,CS-Computer Science & Engineering,80049
E082,"Maharaja Institute of Technology-Thandavapura, Mysuru",GM,Mysuru,CS-Computer Science & Engineering,93542
E084,"Nagarjuna College of Engineering And Technology- Devanahalli, Bengaluru",GM,Bengaluru,CS-Computer Science & Engineering,98172
E084,"Nagarjuna College of Engineering And Technology- Devanahalli, Bengaluru",KKR,Bengaluru,CS-Computer Science & Engineering,81948
E085,"The National Institute of Engineering North Campus- Koorgalli, Mysuru",GM,Mysuru,CS-Computer Science & Engineering,10182
E085,"The National Institute of Engineering North Campus- Koorgalli, Mysuru",KKR,Mysuru,CS-Computer Science & Engineering,18382
E086,"Nitte Meenakshi Institute of Technology-Yelahanka, Bengaluru",GM,Bengaluru,CS-Computer Science & Engineering,15820
E086,"Nitte Meenakshi Institute of Technology-Yelahanka, Bengaluru",KKR,Bengaluru,CS-Computer Science & Engineering,28292
E089,"P.E.S.College of Engineering-PES College Road, Mandya",GM,Mandya,CS-Computer Science & Engineering,54992
E089,"P.E.S.College of Engineering-PES College Road, Mandya",KKR,Mandya,CS-Computer Science & Engineering,48075
E090,"PES Institute of Technology and Management-Kotegangoor Cost, Shivamogga",GM,Shivamogga,CS-Computer Science & Engineering,56831
E094,"Proudhadevaraya Institute of Technology-TB Dam Road, Hosapete",GM,Hosapete,CS-Computer Science & Engineering,62888
E095,"R V College of Engineering-Mysore Road, Bengaluru",GM,Bengaluru,CS-Computer Science & Engineering,434
E095,"R V College of Engineering-Mysore Road, Bengaluru",KKR,Bengaluru,CS-Computer Science & Engineering,592
E097,"R.R. Institute of Technology-Chikkabanavara, Bengaluru",GM,Bengaluru,CS-Computer Science & Engineering,96357
E099,"Raja Rajeswari College of Engineering-Kumbalgodu, Bengaluru",GM,Bengaluru,CS-Computer Science & Engineering,78081
E099,"Raja Rajeswari College of Engineering-Kumbalgodu, Bengaluru",KKR,Bengaluru,CS-Computer Science & Engineering,86155
E100,"Rajeev Institute of Technology-BM Bypass Road, Hassan",GM,Hassan,CS-Computer Science & Engineering,83875
E101,"Rajiv Gandhi Institute of Technology-R T Nagar Post, Bengaluru",GM,Bengaluru,CS-Computer Science & Engineering,87173
E104,"RNS Institute of Technology-R R Nagar Post, Bengaluru",GM,Bengaluru,CS-Computer Science & Engineering,32495
E104,"RNS Institute of Technology-R R Nagar Post, Bengaluru",KKR,Bengaluru,CS-Computer Science & Engineering,36634
E107,"SJB Institute of Technology-Kengeri, Bengaluru",GM,Bengaluru,CS-Computer Science & Engineering,97889
E107,"SJB Institute of Technology-Kengeri, Bengaluru",KKR,Bengaluru,CS-Computer Science & Engineering,69144
E108,"S J C Institute of Technology-BB Road, Chikkaballapur",GM,Chikkaballapur,CS-Computer Science & Engineering,93381
E109,"S.E.A. College of Engineering and Technology-K R Puram, Bengaluru",GM,Bengaluru,CS-Computer Science & Engineering,69642
E110,"SSETs S.G. Balekundri Institute of Technology-Shivabasva Nagar, Belagavi",GM,Belagavi,CS-Computer Science & Engineering,86631
E112,"Sahyadri College of Engineering and Management-Adyar, Mangaluru",GM,Mangaluru,CS-Computer Science & Engineering,84435
E112,"Sahyadri College of Engineering and Management-Adyar, Mangaluru",KKR,Mangaluru,CS-Computer Science & Engineering,72877
E113,"Sai Vidya Institute of Technology-Rajan Kunte, Bengaluru",GM,Bengaluru,CS-Computer Science & Engineering,94982
E113,"Sai Vidya Institute of Technology-Rajan Kunte, Bengaluru",KKR,Bengaluru,CS-Computer Science & Engineering,96291
E114,"Sambhram Institute of Technology-Jalahalli East, Bengaluru",GM,Bengaluru,CS-Computer Science & Engineering,96856
E116,"Sapthagiri NPS University-Hesarghatta Main Road, Bengaluru",GM,Bengaluru,CS-Computer Science & Engineering,50970
E116,"Sapthagiri NPS University-Hesarghatta Main Road, Bengaluru",KKR,Bengaluru,CS-Computer Science & Engineering,83061
E117,"SDM College of Engineering and Technology, Tulu Minority- Kalaghatagi, Dharwad",GM,Dharwad,CS-Computer Science & Engineering,51370
E117,"SDM College of Engineering and Technology, Tulu Minority- Kalaghatagi, Dharwad",KKR,Dharwad,CS-Computer Science & Engineering,38815
E121,"Sri Sairam College of Engineering-Anekal, Bengaluru",GM,Bengaluru,CS-Computer Science & Engineering,101910
E123,"Shri Madhwa Vadiraja Institute of Technology and Management-Bantakal, Udupi",GM,Udupi,CS-Computer Science & Engineering,56350
E124,"Shridevi Institute of Engineering and Technology-Sira Road, Tumakuru",GM,Tumakuru,CS-Computer Science & Engineering,67287
E125,"Siddaganga Institute of Technology-B H Road, Tumakuru",GM,Tumakuru,CS-Computer Science & Engineering,11173
E125,"Siddaganga Institute of Technology-B H Road, Tumakuru",KKR,Tumakuru,CS-Computer Science & Engineering,18329
E126,"Sir M.Visvesvaraya Institute of Technology-Yelahanka, Bengaluru",GM,Bengaluru,CS-Computer Science & Engineering,23106
E126,"Sir M.Visvesvaraya Institute of Technology-Yelahanka, Bengaluru",KKR,Bengaluru,CS-Computer Science & Engineering,47632
E128,"Smt. Kamala and Sri Venkappa M. Agadi College of Engineering and Technology-Laxmeswar, Gadag",GM,Gadag,CS-Computer Science & Engineering,96208
E137,"Sri Venkateshwara College of Engineering-KIAL Road, Bengaluru",GM,Bengaluru,CS-Computer Science & Engineering,98588
E137,"Sri Venkateshwara College of Engineering-KIAL Road, Bengaluru",KKR,Bengaluru,CS-Computer Science & Engineering,68203
E138,"Srinivas Institute of Technology-Hampankatta, Mangaluru",GM,Mangaluru,CS-Computer Science & Engineering,44369
E141,"T. John Institute of Technology-Bannerghatta Road, Bengaluru",GM,Bengaluru,CS-Computer Science & Engineering,75738
E143,"Tontadarya College of Engineering-Mundaragi Road , Gadag",GM,Gadag,CS-Computer Science & Engineering,91708
E145,"Vemana Institute of Technology-Koramangala, Bengaluru",GM,Bengaluru,CS-Computer Science & Engineering,99387
E146,"Vidya Vikas Institute of Engineering and Technology- Alnahally, Mysuru",KKR,Mysuru,CS-Computer Science & Engineering,65978
E147,"Vidyavardhaka College of Engineering-Gokulam, Mysuru",GM,Mysuru,CS-Computer Science & Engineering,80021
E147,"Vidyavardhaka College of Engineering-Gokulam, Mysuru",KKR,Mysuru,CS-Computer Science & Engineering,88448
E152,"ATME College of Engineering-Bannur Road, Mysuru",GM,Mysuru,CS-Computer Science & Engineering,91913
E156,"Jyothy Institute of Technology-Tathguni, Bengaluru",GM,Bengaluru,CS-Computer Science & Engineering,95998
E161,"Cambridge Institute of Technology North Campus-Kundana, Bengaluru",GM,Bengaluru,CS-Computer Science & Engineering,97237
E165,"Alliance College of Engineering and Design. Alliance University-Anekal, Bengaluru",GM,Bengaluru,CS-Computer Science & Engineering,21358
E165,"Alliance College of Engineering and Design. Alliance University-Anekal, Bengaluru",KKR,Bengaluru,CS-Computer Science & Engineering,29124
E171,"GITAM Deemed to be University-Dodaballapur taluk, Bengaluru",GM,Bengaluru,CS-Computer Science & Engineering,23197
E173,"Presidency University-Yelahanka, Bengaluru",GM,Bengaluru,CS-Computer Science & Engineering,27873
E173,"Presidency University-Yelahanka, Bengaluru",KKR,Bengaluru,CS-Computer Science & Engineering,36406
E183,"Jain Institute of Technology-Avaragere Village, Davangere",GM,Davangere,CS-Computer Science & Engineering,93855
E187,"CMR University-Bagalur-Chagalatti, Bengaluru",GM,Bengaluru,CS-Computer Science & Engineering,94704
E194,"Jain College of Engineering and Technology-Unkal, Hubballi",GM,Hubballi,CS-Computer Science & Engineering,98288
E198,"R V Institute of Technology and Management-J P Nagar, Bengaluru",GM,Bengaluru,CS-Computer Science & Engineering,14477
E198,"R V Institute of Technology and Management-J P Nagar, Bengaluru",KKR,Bengaluru,CS-Computer Science & Engineering,21713
E203,"Amruta Institute of Engineering and Management Science- Bidadi, Ramnagar Taluk, Bengaluru Rural",GM,Bengaluru Rural,CS-Computer Science & Engineering,42529
E207,"BGS College of Engineering and Technology- Mahalaxmipuram, Bengaluru",GM,Bengaluru,CS-Computer Science & Engineering,90968
E207,"BGS College of Engineering and Technology- Mahalaxmipuram, Bengaluru",KKR,Bengaluru,CS-Computer Science & Engineering,48812
E208,"A.G.M Rural College of Engineering and Technology-Varur, Hubballi",GM,Hubballi,CS-Computer Science & Engineering,87966
E211,"East West College of Engineering-Yelahanka, Bengaluru",GM,Bengaluru,CS-Computer Science & Engineering,66843
E173,"Presidency University-Yelahanka, Bengaluru",GM,Bengaluru,CSD-Computer Science & Technology (Devops),33315
E187,"CMR University-Bagalur-Chagalatti, Bengaluru",GM,Bengaluru,CST-Computer Science & Technology,56197
E187,"CMR University-Bagalur-Chagalatti, Bengaluru",KKR,Bengaluru,CST-Computer Science & Technology,83443
E007,"AMC Engineering College-Bannerghatta Rd, Bengaluru",GM,Bengaluru,CV-Civil Engineering,69742
E016,"KLE Technological University Formerly known as BVBCET- Vidyanagar, Hubballi",GM,Hubballi,CV-Civil Engineering,94080
E019,"Bangalore Institute of Technology-V V Puram, Bengaluru",GM,Bengaluru,CV-Civil Engineering,68680
E024,"Basaveshwar Engineering College-Vidya Nagar, Bagalkote",GM,Bagalkote,CV-Civil Engineering,99685
E027,"BMS College of Engineering-Basavanagudi, Bengaluru",GM,Bengaluru,CV-Civil Engineering,61017
E027,"BMS College of Engineering-Basavanagudi, Bengaluru",KKR,Bengaluru,CV-Civil Engineering,77487
E028,"BMS Institute of Technology and Management-Yelahanka, Bengaluru",GM,Bengaluru,CV-Civil Engineering,36264
E060,"JSS Academy of Technical Education-Kengeri Main Road, Bengaluru",GM,Bengaluru,CV-Civil Engineering,68354
E061,JSS Science and Technology University-Mysuru,GM,,CV-Civil Engineering,55170
E077,"M.S. Ramaiah Institute of Technology-MSR Nagar, Bengaluru",GM,Bengaluru,CV-Civil Engineering,81716
E077,"M.S. Ramaiah Institute of Technology-MSR Nagar, Bengaluru",KKR,Bengaluru,CV-Civil Engineering,89944
E086,"Nitte Meenakshi Institute of Technology-Yelahanka, Bengaluru",GM,Bengaluru,CV-Civil Engineering,93852
E095,"R V College of Engineering-Mysore Road, Bengaluru",GM,Bengaluru,CV-Civil Engineering,37093
E095,"R V College of Engineering-Mysore Road, Bengaluru",KKR,Bengaluru,CV-Civil Engineering,62399
E117,"SDM College of Engineering and Technology, Tulu Minority- Kalaghatagi, Dharwad",GM,Dharwad,CV-Civil Engineering,41241
E142,"The National Institute of Engineering South Campus- Mananthavady Road, Mysuru",GM,Mysuru,CV-Civil Engineering,59393
E164,"Reva University-Yelahanka, Bengaluru",GM,Bengaluru,CV-Civil Engineering,30418
E173,"Presidency University-Yelahanka, Bengaluru",GM,Bengaluru,CV-Civil Engineering,71470
E197,"M.S. Ramaiah University of Applied Sciences-MSR Nagar, Bengaluru",GM,Bengaluru,CV-Civil Engineering,69907
E011,"APS College of Engineering-Kanakapura Road, Bengaluru",GM,Bengaluru,CY-Computer Science & Engineering (Cyber Security),52152
E039,"Dayananda Sagar Academy of Technology and Management-Kanakpura Road, Bengaluru",GM,Bengaluru,CY-Computer Science & Engineering (Cyber Security),54565
E039,"Dayananda Sagar Academy of Technology and Management-Kanakpura Road, Bengaluru",KKR,Bengaluru,CY-Computer Science & Engineering (Cyber Security),49312
E040,"Dayananda Sagar College of Engineering-Kumaraswamy Layout, Bengaluru",GM,Bengaluru,CY-Computer Science & Engineering (Cyber Security),7553
E040,"Dayananda Sagar College of Engineering-Kumaraswamy Layout, Bengaluru",KKR,Bengaluru,CY-Computer Science & Engineering (Cyber Security),14089
E077,"M.S. Ramaiah Institute of Technology-MSR Nagar, Bengaluru",GM,Bengaluru,CY-Computer Science & Engineering (Cyber Security),2990
E077,"M.S. Ramaiah Institute of Technology-MSR Nagar, Bengaluru",KKR,Bengaluru,CY-Computer Science & Engineering (Cyber Security),12778
E095,"R V College of Engineering-Mysore Road, Bengaluru",GM,Bengaluru,CY-Computer Science & Engineering (Cyber Security),862
E095,"R V College of Engineering-Mysore Road, Bengaluru",KKR,Bengaluru,CY-Computer Science & Engineering (Cyber Security),2834
E104,"RNS Institute of Technology-R R Nagar Post, Bengaluru",GM,Bengaluru,CY-Computer Science & Engineering (Cyber Security),49216
E104,"RNS Institute of Technology-R R Nagar Post, Bengaluru",KKR,Bengaluru,CY-Computer Science & Engineering (Cyber Security),46381
E137,"Sri Venkateshwara College of Engineering-KIAL Road, Bengaluru",GM,Bengaluru,CY-Computer Science & Engineering (Cyber Security),62764
E152,"ATME College of Engineering-Bannur Road, Mysuru",GM,Mysuru,CY-Computer Science & Engineering (Cyber Security),89303
E161,"Cambridge Institute of Technology North Campus-Kundana, Bengaluru",GM,Bengaluru,CY-Computer Science & Engineering (Cyber Security),45436
E165,"Alliance College of Engineering and Design. Alliance University-Anekal, Bengaluru",GM,Bengaluru,CY-Computer Science & Engineering (Cyber Security),38367
E141,"T. John Institute of Technology-Bannerghatta Road, Bengaluru",GM,Bengaluru,DS-Data Science,80124
E001,"Acharya Institute of Technology-Soladevanahalli, Bengaluru",GM,Bengaluru,EC-Electronics & Communication Engineering,48966
E001,"Acharya Institute of Technology-Soladevanahalli, Bengaluru",KKR,Bengaluru,EC-Electronics & Communication Engineering,72647
E004,"Adichunchanagiri Institute Of Technology-Jyothi Nagara, Chikkamagaluru",GM,Chikkamagaluru,EC-Electronics & Communication Engineering,80525
E007,"AMC Engineering College-Bannerghatta Rd, Bengaluru",GM,Bengaluru,EC-Electronics & Communication Engineering,86980
E007,"AMC Engineering College-Bannerghatta Rd, Bengaluru",KKR,Bengaluru,EC-Electronics & Communication Engineering,69006
E015,"B.N.M. Institute of Technology-Banashankari, Bengaluru",GM,Bengaluru,EC-Electronics & Communication Engineering,60533
E015,"B.N.M. Institute of Technology-Banashankari, Bengaluru",KKR,Bengaluru,EC-Electronics & Communication Engineering,67647
E016,"KLE Technological University Formerly known as BVBCET- Vidyanagar, Hubballi",GM,Hubballi,EC-Electronics & Communication Engineering,76965
E016,"KLE Technological University Formerly known as BVBCET- Vidyanagar, Hubballi",KKR,Hubballi,EC-Electronics & Communication Engineering,60684
E019,"Bangalore Institute of Technology-V V Puram, Bengaluru",GM,Bengaluru,EC-Electronics & Communication Engineering,29050
E019,"Bangalore Institute of Technology-V V Puram, Bengaluru",KKR,Bengaluru,EC-Electronics & Communication Engineering,39505
E021,"Bapuji Institute of Engineering and Technology-Shamanur Road, Davangere",GM,Davangere,EC-Electronics & Communication Engineering,96226
E021,"Bapuji Institute of Engineering and Technology-Shamanur Road, Davangere",KKR,Davangere,EC-Electronics & Communication Engineering,83784
E024,"Basaveshwar Engineering College-Vidya Nagar, Bagalkote",GM,Bagalkote,EC-Electronics & Communication Engineering,89042
E027,"BMS College of Engineering-Basavanagudi, Bengaluru",GM,Bengaluru,EC-Electronics & Communication Engineering,6782
E027,"BMS College of Engineering-Basavanagudi, Bengaluru",KKR,Bengaluru,EC-Electronics & Communication Engineering,16231
E028,"BMS Institute of Technology and Management-Yelahanka, Bengaluru",GM,Bengaluru,EC-Electronics & Communication Engineering,24247
E028,"BMS Institute of Technology and Management-Yelahanka, Bengaluru",KKR,Bengaluru,EC-Electronics & Communication Engineering,46639
E032,"C.M.R. Institute of Technology-Brookefield, Bengaluru",GM,Bengaluru,EC-Electronics & Communication Engineering,72999
E032,"C.M.R. Institute of Technology-Brookefield, Bengaluru",KKR,Bengaluru,EC-Electronics & Communication Engineering,78075
E033,"Cambridge Institute of Technology-K R Puram, Bengaluru",GM,Bengaluru,EC-Electronics & Communication Engineering,64075
E037,"City Engineering College-Doddakalasandra, Bengaluru",GM,Bengaluru,EC-Electronics & Communication Engineering,72611
E039,"Dayananda Sagar Academy of Technology and Management-Kanakpura Road, Bengaluru",GM,Bengaluru,EC-Electronics & Communication Engineering,91193
E039,"Dayananda Sagar Academy of Technology and Management-Kanakpura Road, Bengaluru",KKR,Bengaluru,EC-Electronics & Communication Engineering,47070
E040,"Dayananda Sagar College of Engineering-Kumaraswamy Layout, Bengaluru",GM,Bengaluru,EC-Electronics & Communication Engineering,16919
E040,"Dayananda Sagar College of Engineering-Kumaraswamy Layout, Bengaluru",KKR,Bengaluru,EC-Electronics & Communication Engineering,23868
E042,"Dr. Ambedkar Institute of Technology-Malathahalli, Bengaluru",GM,Bengaluru,EC-Electronics & Communication Engineering,56222
E042,"Dr. Ambedkar Institute of Technology-Malathahalli, Bengaluru",KKR,Bengaluru,EC-Electronics & Communication Engineering,64294
E046,"East Point College of Engineering and Technology- Avalahalli, Bengaluru",GM,Bengaluru,EC-Electronics & Communication Engineering,80804
E048,"East West Institute of Technology-BEL Layout, Bengaluru",GM,Bengaluru,EC-Electronics & Communication Engineering,68031
E050,"Global Academy of Technology-Rajarajeshwari Nagar, Bengaluru",GM,Bengaluru,EC-Electronics & Communication Engineering,95307
E050,"Global Academy of Technology-Rajarajeshwari Nagar, Bengaluru",KKR,Bengaluru,EC-Electronics & Communication Engineering,95763
E055,"GSSS Institute of Engineering and Technology for Women- Metagalli, Mysuru",GM,Mysuru,EC-Electronics & Communication Engineering,99684
E059,"Jawaharlal Nehru New College of Engineering JNNCE- Swalanga Road, Shivamogga",GM,Shivamogga,EC-Electronics & Communication Engineering,92231
E060,"JSS Academy of Technical Education-Kengeri Main Road, Bengaluru",GM,Bengaluru,EC-Electronics & Communication Engineering,60050
E060,"JSS Academy of Technical Education-Kengeri Main Road, Bengaluru",KKR,Bengaluru,EC-Electronics & Communication Engineering,71154
E062,"Jain College of Engineering-T.S Nagar, Belagavi",GM,Belagavi,EC-Electronics & Communication Engineering,55029
E064,"Jain College of Engineering and Research-Udyambag, Belagavi",GM,Belagavi,EC-Electronics & Communication Engineering,93749
E065,"KLE Technological University Formerly called as KLE Dr. M.S. Sheshgiri College of Engineering and Technology- Udyambag, Belagavi",GM,Belagavi,EC-Electronics & Communication Engineering,98634
E068,"K.S. Institute of Technology-Kanakapura Main Road, Bengaluru",GM,Bengaluru,EC-Electronics & Communication Engineering,66167
E072,"K L E Institute of Technology-Gokul, Hubbali",GM,Hubbali,EC-Electronics & Communication Engineering,93787
E072,"K L E Institute of Technology-Gokul, Hubbali",KKR,Hubbali,EC-Electronics & Communication Engineering,88095
E073,"KLS Gogte Institute of Technology-Udyambag, Belagavi",GM,Belagavi,EC-Electronics & Communication Engineering,93986
E073,"KLS Gogte Institute of Technology-Udyambag, Belagavi",KKR,Belagavi,EC-Electronics & Communication Engineering,95557
E074,"KLS Vishwanathrao Deshpande Institute of Technology- Dandeli Road, Haliyal",GM,Haliyal,EC-Electronics & Communication Engineering,94759
E077,"M.S. Ramaiah Institute of Technology-MSR Nagar, Bengaluru",GM,Bengaluru,EC-Electronics & Communication Engineering,5798
E077,"M.S. Ramaiah Institute of Technology-MSR Nagar, Bengaluru",KKR,Bengaluru,EC-Electronics & Communication Engineering,10929
E078,"Maharaja Institute of Technology-Belawadi, Mandya",GM,Mandya,EC-Electronics & Communication Engineering,99974
E080,"Mangalore Institute of Technology and Engineering- Moodbidri, Mangaluru",GM,Mangaluru,EC-Electronics & Communication Engineering,23425
E082,"Maharaja Institute of Technology-Thandavapura, Mysuru",GM,Mysuru,EC-Electronics & Communication Engineering,89849
E084,"Nagarjuna College of Engineering And Technology- Devanahalli, Bengaluru",GM,Bengaluru,EC-Electronics & Communication Engineering,77211
E086,"Nitte Meenakshi Institute of Technology-Yelahanka, Bengaluru",GM,Bengaluru,EC-Electronics & Communication Engineering,39097
E086,"Nitte Meenakshi Institute of Technology-Yelahanka, Bengaluru",KKR,Bengaluru,EC-Electronics & Communication Engineering,64435
E089,"P.E.S.College of Engineering-PES College Road, Mandya",GM,Mandya,EC-Electronics & Communication Engineering,38987
E095,"R V College of Engineering-Mysore Road, Bengaluru",GM,Bengaluru,EC-Electronics & Communication Engineering,1636
E095,"R V College of Engineering-Mysore Road, Bengaluru",KKR,Bengaluru,EC-Electronics & Communication Engineering,5164
E104,"RNS Institute of Technology-R R Nagar Post, Bengaluru",GM,Bengaluru,EC-Electronics & Communication Engineering,90378
E104,"RNS Institute of Technology-R R Nagar Post, Bengaluru",KKR,Bengaluru,EC-Electronics & Communication Engineering,65463
E107,"SJB Institute of Technology-Kengeri, Bengaluru",GM,Bengaluru,EC-Electronics & Communication Engineering,56636
E110,"SSETs S.G. Balekundri Institute of Technology-Shivabasva Nagar, Belagavi",GM,Belagavi,EC-Electronics & Communication Engineering,77011
E112,"Sahyadri College of Engineering and Management-Adyar, Mangaluru",GM,Mangaluru,EC-Electronics & Communication Engineering,66779
E113,"Sai Vidya Institute of Technology-Rajan Kunte, Bengaluru",GM,Bengaluru,EC-Electronics & Communication Engineering,73867
E117,"SDM College of Engineering and Technology, Tulu Minority- Kalaghatagi, Dharwad",GM,Dharwad,EC-Electronics & Communication Engineering,95570
E117,"SDM College of Engineering and Technology, Tulu Minority- Kalaghatagi, Dharwad",KKR,Dharwad,EC-Electronics & Communication Engineering,93641
E125,"Siddaganga Institute of Technology-B H Road, Tumakuru",GM,Tumakuru,EC-Electronics & Communication Engineering,49202
E125,"Siddaganga Institute of Technology-B H Road, Tumakuru",KKR,Tumakuru,EC-Electronics & Communication Engineering,39408
E126,"Sir M.Visvesvaraya Institute of Technology-Yelahanka, Bengaluru",GM,Bengaluru,EC-Electronics & Communication Engineering,69137
E126,"Sir M.Visvesvaraya Institute of Technology-Yelahanka, Bengaluru",KKR,Bengaluru,EC-Electronics & Communication Engineering,89012
E128,"Smt. Kamala and Sri Venkappa M. Agadi College of Engineering and Technology-Laxmeswar, Gadag",GM,Gadag,EC-Electronics & Communication Engineering,92571
E137,"Sri Venkateshwara College of Engineering-KIAL Road, Bengaluru",GM,Bengaluru,EC-Electronics & Communication Engineering,57892
E142,"The National Institute of Engineering South Campus- Mananthavady Road, Mysuru",GM,Mysuru,EC-Electronics & Communication Engineering,29308
E142,"The National Institute of Engineering South Campus- Mananthavady Road, Mysuru",KKR,Mysuru,EC-Electronics & Communication Engineering,32111
E147,"Vidyavardhaka College of Engineering-Gokulam, Mysuru",GM,Mysuru,EC-Electronics & Communication Engineering,77756
E164,"Reva University-Yelahanka, Bengaluru",GM,Bengaluru,EC-Electronics & Communication Engineering,54133
E164,"Reva University-Yelahanka, Bengaluru",KKR,Bengaluru,EC-Electronics & Communication Engineering,52598
E165,"Alliance College of Engineering and Design. Alliance University-Anekal, Bengaluru",GM,Bengaluru,EC-Electronics & Communication Engineering,28364
E171,"GITAM Deemed to be University-Dodaballapur taluk, Bengaluru",GM,Bengaluru,EC-Electronics & Communication Engineering,7527
E187,"CMR University-Bagalur-Chagalatti, Bengaluru",GM,Bengaluru,EC-Electronics & Communication Engineering,80981
E187,"CMR University-Bagalur-Chagalatti, Bengaluru",KKR,Bengaluru,EC-Electronics & Communication Engineering,54946
E194,"Jain College of Engineering and Technology-Unkal, Hubballi",GM,Hubballi,EC-Electronics & Communication Engineering,55433
E198,"R V Institute of Technology and Management-J P Nagar, Bengaluru",GM,Bengaluru,EC-Electronics & Communication Engineering,22853
E198,"R V Institute of Technology and Management-J P Nagar, Bengaluru",KKR,Bengaluru,EC-Electronics & Communication Engineering,32764
E001,"Acharya Institute of Technology-Soladevanahalli, Bengaluru",GM,Bengaluru,EE-Electrical & Electronics Engineering,53340
E001,"Acharya Institute of Technology-Soladevanahalli, Bengaluru",KKR,Bengaluru,EE-Electrical & Electronics Engineering,68728
E015,"B.N.M. Institute of Technology-Banashankari, Bengaluru",GM,Bengaluru,EE-Electrical & Electronics Engineering,61025
E015,"B.N.M. Institute of Technology-Banashankari, Bengaluru",KKR,Bengaluru,EE-Electrical & Electronics Engineering,74480
E016,"KLE Technological University Formerly known as BVBCET- Vidyanagar, Hubballi",GM,Hubballi,EE-Electrical & Electronics Engineering,99769
E016,"KLE Technological University Formerly known as BVBCET- Vidyanagar, Hubballi",KKR,Hubballi,EE-Electrical & Electronics Engineering,87923
E019,"Bangalore Institute of Technology-V V Puram, Bengaluru",GM,Bengaluru,EE-Electrical & Electronics Engineering,67183
E019,"Bangalore Institute of Technology-V V Puram, Bengaluru",KKR,Bengaluru,EE-Electrical & Electronics Engineering,67840
E021,"Bapuji Institute of Engineering and Technology-Shamanur Road, Davangere",GM,Davangere,EE-Electrical & Electronics Engineering,84225
E028,"BMS Institute of Technology and Management-Yelahanka, Bengaluru",GM,Bengaluru,EE-Electrical & Electronics Engineering,37543
E039,"Dayananda Sagar Academy of Technology and Management-Kanakpura Road, Bengaluru",GM,Bengaluru,EE-Electrical & Electronics Engineering,38173
E040,"Dayananda Sagar College of Engineering-Kumaraswamy Layout, Bengaluru",GM,Bengaluru,EE-Electrical & Electronics Engineering,52159
E041,"DON BOSCO Institute of Technology-Kumbalgodu, Bengaluru",GM,Bengaluru,EE-Electrical & Electronics Engineering,68146
E050,"Global Academy of Technology-Rajarajeshwari Nagar, Bengaluru",GM,Bengaluru,EE-Electrical & Electronics Engineering,75085
E072,"K L E Institute of Technology-Gokul, Hubbali",GM,Hubbali,EE-Electrical & Electronics Engineering,94440
E073,"KLS Gogte Institute of Technology-Udyambag, Belagavi",GM,Belagavi,EE-Electrical & Electronics Engineering,73191
E077,"M.S. Ramaiah Institute of Technology-MSR Nagar, Bengaluru",GM,Bengaluru,EE-Electrical & Electronics Engineering,9593
E077,"M.S. Ramaiah Institute of Technology-MSR Nagar, Bengaluru",KKR,Bengaluru,EE-Electrical & Electronics Engineering,26576
E086,"Nitte Meenakshi Institute of Technology-Yelahanka, Bengaluru",GM,Bengaluru,EE-Electrical & Electronics Engineering,64782
E095,"R V College of Engineering-Mysore Road, Bengaluru",GM,Bengaluru,EE-Electrical & Electronics Engineering,4848
E095,"R V College of Engineering-Mysore Road, Bengaluru",KKR,Bengaluru,EE-Electrical & Electronics Engineering,18394
E117,"SDM College of Engineering and Technology, Tulu Minority- Kalaghatagi, Dharwad",GM,Dharwad,EE-Electrical & Electronics Engineering,85432
E117,"SDM College of Engineering and Technology, Tulu Minority- Kalaghatagi, Dharwad",KKR,Dharwad,EE-Electrical & Electronics Engineering,90393
E125,"Siddaganga Institute of Technology-B H Road, Tumakuru",GM,Tumakuru,EE-Electrical & Electronics Engineering,54573
E126,"Sir M.Visvesvaraya Institute of Technology-Yelahanka, Bengaluru",GM,Bengaluru,EE-Electrical & Electronics Engineering,58747
E142,"The National Institute of Engineering South Campus- Mananthavady Road, Mysuru",GM,Mysuru,EE-Electrical & Electronics Engineering,57819
E142,"The National Institute of Engineering South Campus- Mananthavady Road, Mysuru",KKR,Mysuru,EE-Electrical & Electronics Engineering,87272
E147,"Vidyavardhaka College of Engineering-Gokulam, Mysuru",GM,Mysuru,EE-Electrical & Electronics Engineering,89391
E164,"Reva University-Yelahanka, Bengaluru",GM,Bengaluru,EE-Electrical & Electronics Engineering,55925
E165,"Alliance College of Engineering and Design. Alliance University-Anekal, Bengaluru",GM,Bengaluru,EE-Electrical & Electronics Engineering,98617
E173,"Presidency University-Yelahanka, Bengaluru",GM,Bengaluru,EE-Electrical & Electronics Engineering,98399
E125,"Siddaganga Institute of Technology-B H Road, Tumakuru",GM,Tumakuru,EIE-Electronics & Instrumentation Engineering (Inst. Technology),82084
E019,"Bangalore Institute of Technology-V V Puram, Bengaluru",GM,Bengaluru,EI-Electronics & Instrumentation Engineering,98313
E040,"Dayananda Sagar College of Engineering-Kumaraswamy Layout, Bengaluru",GM,Bengaluru,EI-Electronics & Instrumentation Engineering,55579
E060,"JSS Academy of Technical Education-Kengeri Main Road, Bengaluru",GM,Bengaluru,EI-Electronics & Instrumentation Engineering,47943
E077,"M.S. Ramaiah Institute of Technology-MSR Nagar, Bengaluru",GM,Bengaluru,EI-Electronics & Instrumentation Engineering,11355
E077,"M.S. Ramaiah Institute of Technology-MSR Nagar, Bengaluru",KKR,Bengaluru,EI-Electronics & Instrumentation Engineering,21114
E019,"Bangalore Institute of Technology-V V Puram, Bengaluru",GM,Bengaluru,ET-Electronics & Telecommunication Engineering,87996
E019,"Bangalore Institute of Technology-V V Puram, Bengaluru",KKR,Bengaluru,ET-Electronics & Telecommunication Engineering,55888
E040,"Dayananda Sagar College of Engineering-Kumaraswamy Layout, Bengaluru",GM,Bengaluru,ET-Electronics & Telecommunication Engineering,42918
E040,"Dayananda Sagar College of Engineering-Kumaraswamy Layout, Bengaluru",KKR,Bengaluru,ET-Electronics & Telecommunication Engineering,74743
E077,"M.S. Ramaiah Institute of Technology-MSR Nagar, Bengaluru",GM,Bengaluru,ET-Electronics & Telecommunication Engineering,9112
E077,"M.S. Ramaiah Institute of Technology-MSR Nagar, Bengaluru",KKR,Bengaluru,ET-Electronics & Telecommunication Engineering,11470
E095,"R V College of Engineering-Mysore Road, Bengaluru",GM,Bengaluru,ET-Electronics & Telecommunication Engineering,3086
E095,"R V College of Engineering-Mysore Road, Bengaluru",KKR,Bengaluru,ET-Electronics & Telecommunication Engineering,8527
E125,"Siddaganga Institute of Technology-B H Road, Tumakuru",GM,Tumakuru,ET-Electronics & Telecommunication Engineering,60147
E126,"Sir M.Visvesvaraya Institute of Technology-Yelahanka, Bengaluru",GM,Bengaluru,ET-Electronics & Telecommunication Engineering,29786
E126,"Sir M.Visvesvaraya Institute of Technology-Yelahanka, Bengaluru",KKR,Bengaluru,ET-Electronics & Telecommunication Engineering,85096
E019,"Bangalore Institute of Technology-V V Puram, Bengaluru",GM,Bengaluru,IC-Computer Science & Engineering (IOT & Cyber Security Including Block Chain Technology),17469
E019,"Bangalore Institute of Technology-V V Puram, Bengaluru",KKR,Bengaluru,IC-Computer Science & Engineering (IOT & Cyber Security Including Block Chain Technology),32750
E027,"BMS College of Engineering-Basavanagudi, Bengaluru",GM,Bengaluru,IC-Computer Science & Engineering (IOT & Cyber Security Including Block Chain Technology),4024
E027,"BMS College of Engineering-Basavanagudi, Bengaluru",KKR,Bengaluru,IC-Computer Science & Engineering (IOT & Cyber Security Including Block Chain Technology),10638
E033,"Cambridge Institute of Technology-K R Puram, Bengaluru",GM,Bengaluru,IC-Computer Science & Engineering (IOT & Cyber Security Including Block Chain Technology),86935
E039,"Dayananda Sagar Academy of Technology and Management-Kanakpura Road, Bengaluru",GM,Bengaluru,IC-Computer Science & Engineering (IOT & Cyber Security Including Block Chain Technology),83190
E040,"Dayananda Sagar College of Engineering-Kumaraswamy Layout, Bengaluru",GM,Bengaluru,IC-Computer Science & Engineering (IOT & Cyber Security Including Block Chain Technology),8634
E040,"Dayananda Sagar College of Engineering-Kumaraswamy Layout, Bengaluru",KKR,Bengaluru,IC-Computer Science & Engineering (IOT & Cyber Security Including Block Chain Technology),20086
E046,"East Point College of Engineering and Technology- Avalahalli, Bengaluru",GM,Bengaluru,IC-Computer Science & Engineering (IOT & Cyber Security Including Block Chain Technology),77102
E048,"East West Institute of Technology-BEL Layout, Bengaluru",GM,Bengaluru,IC-Computer Science & Engineering (IOT & Cyber Security Including Block Chain Technology),50857
E068,"K.S. Institute of Technology-Kanakapura Main Road, Bengaluru",GM,Bengaluru,IC-Computer Science & Engineering (IOT & Cyber Security Including Block Chain Technology),91244
E097,"R.R. Institute of Technology-Chikkabanavara, Bengaluru",GM,Bengaluru,IC-Computer Science & Engineering (IOT & Cyber Security Including Block Chain Technology),42439
E126,"Sir M.Visvesvaraya Institute of Technology-Yelahanka, Bengaluru",GM,Bengaluru,IC-Computer Science & Engineering (IOT & Cyber Security Including Block Chain Technology),30392
E126,"Sir M.Visvesvaraya Institute of Technology-Yelahanka, Bengaluru",KKR,Bengaluru,IC-Computer Science & Engineering (IOT & Cyber Security Including Block Chain Technology),64214
E141,"T. John Institute of Technology-Bannerghatta Road, Bengaluru",GM,Bengaluru,IC-Computer Science & Engineering (IOT & Cyber Security Including Block Chain Technology),85034
E077,"M.S. Ramaiah Institute of Technology-MSR Nagar, Bengaluru",GM,Bengaluru,IM-Industrial Engineering & Management,93650
E077,"M.S. Ramaiah Institute of Technology-MSR Nagar, Bengaluru",KKR,Bengaluru,IM-Industrial Engineering & Management,88553
E095,"R V College of Engineering-Mysore Road, Bengaluru",GM,Bengaluru,IM-Industrial Engineering & Management,26722
E095,"R V College of Engineering-Mysore Road, Bengaluru",KKR,Bengaluru,IM-Industrial Engineering & Management,50005
E165,"Alliance College of Engineering and Design. Alliance University-Anekal, Bengaluru",GM,Bengaluru,INT-Information Technology,55092
E165,"Alliance College of Engineering and Design. Alliance University-Anekal, Bengaluru",KKR,Bengaluru,INT-Information Technology,99005
E001,"Acharya Institute of Technology-Soladevanahalli, Bengaluru",GM,Bengaluru,IS-Information Science & Engineering,61684
E001,"Acharya Institute of Technology-Soladevanahalli, Bengaluru",KKR,Bengaluru,IS-Information Science & Engineering,70849
E006,"Alvas Institute of Engineering and Technology-Moodbidri, Mangaluru",GM,Mangaluru,IS-Information Science & Engineering,66409
E007,"AMC Engineering College-Bannerghatta Rd, Bengaluru",GM,Bengaluru,IS-Information Science & Engineering,75402
E011,"APS College of Engineering-Kanakapura Road, Bengaluru",GM,Bengaluru,IS-Information Science & Engineering,69473
E012,"Atria Institute of Technology-Hebbal, Bengaluru",GM,Bengaluru,IS-Information Science & Engineering,91245
E015,"B.N.M. Institute of Technology-Banashankari, Bengaluru",GM,Bengaluru,IS-Information Science & Engineering,40347
E015,"B.N.M. Institute of Technology-Banashankari, Bengaluru",KKR,Bengaluru,IS-Information Science & Engineering,51705
E019,"Bangalore Institute of Technology-V V Puram, Bengaluru",GM,Bengaluru,IS-Information Science & Engineering,18608
E019,"Bangalore Institute of Technology-V V Puram, Bengaluru",KKR,Bengaluru,IS-Information Science & Engineering,30504
E021,"Bapuji Institute of Engineering and Technology-Shamanur Road, Davangere",GM,Davangere,IS-Information Science & Engineering,101492
E021,"Bapuji Institute of Engineering and Technology-Shamanur Road, Davangere",KKR,Davangere,IS-Information Science & Engineering,74407
E024,"Basaveshwar Engineering College-Vidya Nagar, Bagalkote",GM,Bagalkote,IS-Information Science & Engineering,91890
E026,"BLDEAs V.P. Dr.P.G.Halakatti College of Engineering and Technology-Ashram Road, Vijayapura",GM,Vijayapura,IS-Information Science & Engineering,77074
E032,"C.M.R. Institute of Technology-Brookefield, Bengaluru",GM,Bengaluru,IS-Information Science & Engineering,53068
E032,"C.M.R. Institute of Technology-Brookefield, Bengaluru",KKR,Bengaluru,IS-Information Science & Engineering,61870
E033,"Cambridge Institute of Technology-K R Puram, Bengaluru",GM,Bengaluru,IS-Information Science & Engineering,89496
E035,"Channabasaveshwara Institute of Technology- Gubbi, Tumakuru",GM,Tumakuru,IS-Information Science & Engineering,89505
E039,"Dayananda Sagar Academy of Technology and Management-Kanakpura Road, Bengaluru",GM,Bengaluru,IS-Information Science & Engineering,91258
E039,"Dayananda Sagar Academy of Technology and Management-Kanakpura Road, Bengaluru",KKR,Bengaluru,IS-Information Science & Engineering,59021
E040,"Dayananda Sagar College of Engineering-Kumaraswamy Layout, Bengaluru",GM,Bengaluru,IS-Information Science & Engineering,8418
E040,"Dayananda Sagar College of Engineering-Kumaraswamy Layout, Bengaluru",KKR,Bengaluru,IS-Information Science & Engineering,17381
E041,"DON BOSCO Institute of Technology-Kumbalgodu, Bengaluru",GM,Bengaluru,IS-Information Science & Engineering,64523
E042,"Dr. Ambedkar Institute of Technology-Malathahalli, Bengaluru",GM,Bengaluru,IS-Information Science & Engineering,96203
E042,"Dr. Ambedkar Institute of Technology-Malathahalli, Bengaluru",KKR,Bengaluru,IS-Information Science & Engineering,65476
E046,"East Point College of Engineering and Technology- Avalahalli, Bengaluru",GM,Bengaluru,IS-Information Science & Engineering,87738
E048,"East West Institute of Technology-BEL Layout, Bengaluru",GM,Bengaluru,IS-Information Science & Engineering,63334
E050,"Global Academy of Technology-Rajarajeshwari Nagar, Bengaluru",GM,Bengaluru,IS-Information Science & Engineering,85615
E050,"Global Academy of Technology-Rajarajeshwari Nagar, Bengaluru",KKR,Bengaluru,IS-Information Science & Engineering,56198
E051,"GM Institute of Technology-P B Road, Davangere",GM,Davangere,IS-Information Science & Engineering,78191
E053,"Gopalan College of Engineering And Management- Whitefield, Bengaluru",GM,Bengaluru,IS-Information Science & Engineering,98511
E055,"GSSS Institute of Engineering and Technology for Women- Metagalli, Mysuru",GM,Mysuru,IS-Information Science & Engineering,69773
E059,"Jawaharlal Nehru New College of Engineering JNNCE- Swalanga Road, Shivamogga",GM,Shivamogga,IS-Information Science & Engineering,96532
E060,"JSS Academy of Technical Education-Kengeri Main Road, Bengaluru",GM,Bengaluru,IS-Information Science & Engineering,100258
E060,"JSS Academy of Technical Education-Kengeri Main Road, Bengaluru",KKR,Bengaluru,IS-Information Science & Engineering,57402
E073,"KLS Gogte Institute of Technology-Udyambag, Belagavi",GM,Belagavi,IS-Information Science & Engineering,67705
E073,"KLS Gogte Institute of Technology-Udyambag, Belagavi",KKR,Belagavi,IS-Information Science & Engineering,72438
E077,"M.S. Ramaiah Institute of Technology-MSR Nagar, Bengaluru",GM,Bengaluru,IS-Information Science & Engineering,3115
E077,"M.S. Ramaiah Institute of Technology-MSR Nagar, Bengaluru",KKR,Bengaluru,IS-Information Science & Engineering,7776
E078,"Maharaja Institute of Technology-Belawadi, Mandya",GM,Mandya,IS-Information Science & Engineering,98310
E079,"Malnad College of Engineering-Rangoli Halla, Hassan",GM,Hassan,IS-Information Science & Engineering,94452
E085,"The National Institute of Engineering North Campus- Koorgalli, Mysuru",GM,Mysuru,IS-Information Science & Engineering,18058
E085,"The National Institute of Engineering North Campus- Koorgalli, Mysuru",KKR,Mysuru,IS-Information Science & Engineering,30296
E086,"Nitte Meenakshi Institute of Technology-Yelahanka, Bengaluru",GM,Bengaluru,IS-Information Science & Engineering,25502
E086,"Nitte Meenakshi Institute of Technology-Yelahanka, Bengaluru",KKR,Bengaluru,IS-Information Science & Engineering,34193
E089,"P.E.S.College of Engineering-PES College Road, Mandya",GM,Mandya,IS-Information Science & Engineering,77308
E095,"R V College of Engineering-Mysore Road, Bengaluru",GM,Bengaluru,IS-Information Science & Engineering,799
E095,"R V College of Engineering-Mysore Road, Bengaluru",KKR,Bengaluru,IS-Information Science & Engineering,2053
E107,"SJB Institute of Technology-Kengeri, Bengaluru",GM,Bengaluru,IS-Information Science & Engineering,62793
E107,"SJB Institute of Technology-Kengeri, Bengaluru",KKR,Bengaluru,IS-Information Science & Engineering,96667
E108,"S J C Institute of Technology-BB Road, Chikkaballapur",GM,Chikkaballapur,IS-Information Science & Engineering,96958
E109,"S.E.A. College of Engineering and Technology-K R Puram, Bengaluru",GM,Bengaluru,IS-Information Science & Engineering,75342
E112,"Sahyadri College of Engineering and Management-Adyar, Mangaluru",GM,Mangaluru,IS-Information Science & Engineering,75240
E113,"Sai Vidya Institute of Technology-Rajan Kunte, Bengaluru",GM,Bengaluru,IS-Information Science & Engineering,85556
E117,"SDM College of Engineering and Technology, Tulu Minority- Kalaghatagi, Dharwad",GM,Dharwad,IS-Information Science & Engineering,93687
E117,"SDM College of Engineering and Technology, Tulu Minority- Kalaghatagi, Dharwad",KKR,Dharwad,IS-Information Science & Engineering,50985
E125,"Siddaganga Institute of Technology-B H Road, Tumakuru",GM,Tumakuru,IS-Information Science & Engineering,20586
E125,"Siddaganga Institute of Technology-B H Road, Tumakuru",KKR,Tumakuru,IS-Information Science & Engineering,30487
E126,"Sir M.Visvesvaraya Institute of Technology-Yelahanka, Bengaluru",GM,Bengaluru,IS-Information Science & Engineering,33556
E126,"Sir M.Visvesvaraya Institute of Technology-Yelahanka, Bengaluru",KKR,Bengaluru,IS-Information Science & Engineering,52424
E137,"Sri Venkateshwara College of Engineering-KIAL Road, Bengaluru",GM,Bengaluru,IS-Information Science & Engineering,67279
E145,"Vemana Institute of Technology-Koramangala, Bengaluru",GM,Bengaluru,IS-Information Science & Engineering,94091
E147,"Vidyavardhaka College of Engineering-Gokulam, Mysuru",GM,Mysuru,IS-Information Science & Engineering,94717
E147,"Vidyavardhaka College of Engineering-Gokulam, Mysuru",KKR,Mysuru,IS-Information Science & Engineering,96259
E156,"Jyothy Institute of Technology-Tathguni, Bengaluru",GM,Bengaluru,IS-Information Science & Engineering,93842
E156,"Jyothy Institute of Technology-Tathguni, Bengaluru",KKR,Bengaluru,IS-Information Science & Engineering,100326
E198,"R V Institute of Technology and Management-J P Nagar, Bengaluru",GM,Bengaluru,IS-Information Science & Engineering,19948
E198,"R V Institute of Technology and Management-J P Nagar, Bengaluru",KKR,Bengaluru,IS-Information Science & Engineering,29521
E207,"BGS College of Engineering and Technology- Mahalaxmipuram, Bengaluru",GM,Bengaluru,IS-Information Science & Engineering,99748
E212,"Seshadripuram Institute of Technology - Jaipura Hobli, Mysuru",GM,Mysuru,IS-Information Science & Engineering,59194
E077,"M.S. Ramaiah Institute of Technology-MSR Nagar, Bengaluru",GM,Bengaluru,MD-Medical Electronics Engineering,65186
E077,"M.S. Ramaiah Institute of Technology-MSR Nagar, Bengaluru",KKR,Bengaluru,MD-Medical Electronics Engineering,77118
E001,"Acharya Institute of Technology-Soladevanahalli, Bengaluru",GM,Bengaluru,ME-Mechanical Engineering,29367
E007,"AMC Engineering College-Bannerghatta Rd, Bengaluru",GM,Bengaluru,ME-Mechanical Engineering,82125
E016,"KLE Technological University Formerly known as BVBCET- Vidyanagar, Hubballi",GM,Hubballi,ME-Mechanical Engineering,101378
E019,"Bangalore Institute of Technology-V V Puram, Bengaluru",GM,Bengaluru,ME-Mechanical Engineering,80613
E027,"BMS College of Engineering-Basavanagudi, Bengaluru",GM,Bengaluru,ME-Mechanical Engineering,25036
E028,"BMS Institute of Technology and Management-Yelahanka, Bengaluru",GM,Bengaluru,ME-Mechanical Engineering,46274
E040,"Dayananda Sagar College of Engineering-Kumaraswamy Layout, Bengaluru",GM,Bengaluru,ME-Mechanical Engineering,99998
E040,"Dayananda Sagar College of Engineering-Kumaraswamy Layout, Bengaluru",KKR,Bengaluru,ME-Mechanical Engineering,74799
E060,"JSS Academy of Technical Education-Kengeri Main Road, Bengaluru",GM,Bengaluru,ME-Mechanical Engineering,61324
E061,JSS Science and Technology University-Mysuru,GM,,ME-Mechanical Engineering,77186
E072,"K L E Institute of Technology-Gokul, Hubbali",GM,Hubbali,ME-Mechanical Engineering,78945
E077,"M.S. Ramaiah Institute of Technology-MSR Nagar, Bengaluru",GM,Bengaluru,ME-Mechanical Engineering,26545
E077,"M.S. Ramaiah Institute of Technology-MSR Nagar, Bengaluru",KKR,Bengaluru,ME-Mechanical Engineering,68711
E086,"Nitte Meenakshi Institute of Technology-Yelahanka, Bengaluru",GM,Bengaluru,ME-Mechanical Engineering,77414
E095,"R V College of Engineering-Mysore Road, Bengaluru",GM,Bengaluru,ME-Mechanical Engineering,10449
E095,"R V College of Engineering-Mysore Road, Bengaluru",KKR,Bengaluru,ME-Mechanical Engineering,29784
E113,"Sai Vidya Institute of Technology-Rajan Kunte, Bengaluru",GM,Bengaluru,ME-Mechanical Engineering,94065
E117,"SDM College of Engineering and Technology, Tulu Minority- Kalaghatagi, Dharwad",GM,Dharwad,ME-Mechanical Engineering,67872
E126,"Sir M.Visvesvaraya Institute of Technology-Yelahanka, Bengaluru",GM,Bengaluru,ME-Mechanical Engineering,51958
E142,"The National Institute of Engineering South Campus- Mananthavady Road, Mysuru",GM,Mysuru,ME-Mechanical Engineering,95259
E145,"Vemana Institute of Technology-Koramangala, Bengaluru",GM,Bengaluru,ME-Mechanical Engineering,91553
E147,"Vidyavardhaka College of Engineering-Gokulam, Mysuru",GM,Mysuru,ME-Mechanical Engineering,97489
E164,"Reva University-Yelahanka, Bengaluru",GM,Bengaluru,ME-Mechanical Engineering,28194
E001,"Acharya Institute of Technology-Soladevanahalli, Bengaluru",GM,Bengaluru,MT-Mechatronics Engineering,64410
E164,"Reva University-Yelahanka, Bengaluru",GM,Bengaluru,MT-Mechatronics Engineering,48693
E112,"Sahyadri College of Engineering and Management-Adyar, Mangaluru",GM,Mangaluru,RA-Robotics & Automation,48690
E019,"Bangalore Institute of Technology-V V Puram, Bengaluru",GM,Bengaluru,RI-Robotics & Artificial Intelligence,23115
E019,"Bangalore Institute of Technology-V V Puram, Bengaluru",KKR,Bengaluru,RI-Robotics & Artificial Intelligence,44732
E040,"Dayananda Sagar College of Engineering-Kumaraswamy Layout, Bengaluru",GM,Bengaluru,RI-Robotics & Artificial Intelligence,11500
E040,"Dayananda Sagar College of Engineering-Kumaraswamy Layout, Bengaluru",KKR,Bengaluru,RI-Robotics & Artificial Intelligence,23669
E059,"Jawaharlal Nehru New College of Engineering JNNCE- Swalanga Road, Shivamogga",GM,Shivamogga,RI-Robotics & Artificial Intelligence,94431
E126,"Sir M.Visvesvaraya Institute of Technology-Yelahanka, Bengaluru",GM,Bengaluru,RI-Robotics & Artificial Intelligence,50334
E012,"Atria Institute of Technology-Hebbal, Bengaluru",GM,Bengaluru,UE-Electronics & Computer Engineering,64641
E024,"Basaveshwar Engineering College-Vidya Nagar, Bagalkote",GM,Bagalkote,UE-Electronics & Computer Engineering,68138
E126,"Sir M.Visvesvaraya Institute of Technology-Yelahanka, Bengaluru",GM,Bengaluru,UE-Electronics & Computer Engineering,97470
E016,"KLE Technological University Formerly known as BVBCET- Vidyanagar, Hubballi",GM,Hubballi,VL-Electronics Engineering (VLSI Design & Technology),53043
E019,"Bangalore Institute of Technology-V V Puram, Bengaluru",GM,Bengaluru,VL-Electronics Engineering (VLSI Design & Technology),63253
E019,"Bangalore Institute of Technology-V V Puram, Bengaluru",KKR,Bengaluru,VL-Electronics Engineering (VLSI Design & Technology),89330
E086,"Nitte Meenakshi Institute of Technology-Yelahanka, Bengaluru",GM,Bengaluru,VL-Electronics Engineering (VLSI Design & Technology),74280
E086,"Nitte Meenakshi Institute of Technology-Yelahanka, Bengaluru",KKR,Bengaluru,VL-Electronics Engineering (VLSI Design & Technology),88135
E132,"Sri Krishna Institute of Technology-Chikkabanavara, Bengaluru",GM,Bengaluru,VL-Electronics Engineering (VLSI Design & Technology),38011
E173,"Presidency University-Yelahanka, Bengaluru",GM,Bengaluru,VLS-VLSI,79521
